-- phpMyAdmin SQL Dump
-- version 4.9.2
-- https://www.phpmyadmin.net/
--
-- Hôte : 127.0.0.1:3306
-- Généré le :  jeu. 05 nov. 2020 à 09:43
-- Version du serveur :  10.4.10-MariaDB
-- Version de PHP :  7.3.12

SET SQL_MODE = "NO_AUTO_VALUE_ON_ZERO";
SET AUTOCOMMIT = 0;
START TRANSACTION;
SET time_zone = "+00:00";


/*!40101 SET @OLD_CHARACTER_SET_CLIENT=@@CHARACTER_SET_CLIENT */;
/*!40101 SET @OLD_CHARACTER_SET_RESULTS=@@CHARACTER_SET_RESULTS */;
/*!40101 SET @OLD_COLLATION_CONNECTION=@@COLLATION_CONNECTION */;
/*!40101 SET NAMES utf8mb4 */;

--
-- Base de données :  `full_stack`
--

-- --------------------------------------------------------

--
-- Structure de la table `articles_lang`
--

DROP TABLE IF EXISTS `articles_lang`;
CREATE TABLE IF NOT EXISTS `articles_lang` (
  `id` int(11) NOT NULL AUTO_INCREMENT,
  `fk_article` int(11) NOT NULL,
  `contenue` text NOT NULL,
  `fk_lang` int(11) NOT NULL,
  `titre` varchar(255) NOT NULL,
  `description` varchar(255) DEFAULT NULL,
  `miniature` varchar(255) DEFAULT NULL,
  PRIMARY KEY (`id`)
) ENGINE=MyISAM AUTO_INCREMENT=3 DEFAULT CHARSET=utf8mb4;

--
-- Déchargement des données de la table `articles_lang`
--

INSERT INTO `articles_lang` (`id`, `fk_article`, `contenue`, `fk_lang`, `titre`, `description`, `miniature`) VALUES
(1, 1, '<div>Avez-vous entendu celui sur l\'homme qui était convaincu qu\'il était mort? C\'est un classique, et comme les 99 autres blagues de ce livre, vous apprécierez la lecture et encore plus la narration. Il y a aussi celui sur Einstein et son chauffeur. La femme qui est partie en vacances et a laissé son chat avec sa sœur. Le fermier avec le cochon à trois pattes. Mais quand le rire s\'installe, il se passe autre chose. Entre les mains magistrales des frères Javna, chaque blague révèle des informations sur le comportement humain - et des conseils pour mettre ces idées en action - que vous voudrez partager aussi facilement que les blagues elles-mêmes.</div>', 1, 'La vie est une blague', 'test 56256fd', 'pic/upload/miniature/img_5fa3737c3dd36.jpg'),
(2, 1, 'Did you hear the one about the man who was convinced he was dead?\r\n\r\nIt\'s a classic, and like the 99 other joke in this book, you\'ll delight in the reading and even more in the telling. There\'s also the one about Einstein and his chauffeur. The woman who went on vacation and left her pet cat with her sister. The farmer with the three-legged pig.\r\n\r\nBut when the laughter settles, something else happens. In the masterful hands of the Javna brothers, each joke reveals insights into human behavior--and tips for putting that insight into action--that you\'ll want to share as readily as the jokes themselves.', 2, 'Life Is a Joke', NULL, NULL);

-- --------------------------------------------------------

--
-- Structure de la table `categorie`
--

DROP TABLE IF EXISTS `categorie`;
CREATE TABLE IF NOT EXISTS `categorie` (
  `id` int(11) NOT NULL AUTO_INCREMENT,
  `fk_categorie` int(11) DEFAULT 0,
  PRIMARY KEY (`id`)
) ENGINE=MyISAM AUTO_INCREMENT=3 DEFAULT CHARSET=utf8mb4;

--
-- Déchargement des données de la table `categorie`
--

INSERT INTO `categorie` (`id`, `fk_categorie`) VALUES
(1, 0),
(2, 0);

-- --------------------------------------------------------

--
-- Structure de la table `categori_lang`
--

DROP TABLE IF EXISTS `categori_lang`;
CREATE TABLE IF NOT EXISTS `categori_lang` (
  `id` int(11) NOT NULL AUTO_INCREMENT,
  `fk_lang` int(11) NOT NULL,
  `fk_categorie` int(11) NOT NULL,
  `nom` varchar(255) NOT NULL,
  PRIMARY KEY (`id`)
) ENGINE=MyISAM AUTO_INCREMENT=5 DEFAULT CHARSET=utf8mb4;

--
-- Déchargement des données de la table `categori_lang`
--

INSERT INTO `categori_lang` (`id`, `fk_lang`, `fk_categorie`, `nom`) VALUES
(1, 1, 1, 'Humour'),
(2, 2, 1, 'Humor'),
(3, 1, 2, 'Vie Public'),
(4, 2, 2, 'public life');

-- --------------------------------------------------------

--
-- Structure de la table `lst_article`
--

DROP TABLE IF EXISTS `lst_article`;
CREATE TABLE IF NOT EXISTS `lst_article` (
  `id` int(11) NOT NULL AUTO_INCREMENT,
  `autheur` varchar(255) NOT NULL,
  `date_post` date NOT NULL,
  `date_edition` date DEFAULT NULL,
  `fk_categorie` int(11) NOT NULL,
  `is_enligne` tinyint(1) NOT NULL DEFAULT 0,
  PRIMARY KEY (`id`)
) ENGINE=MyISAM AUTO_INCREMENT=2 DEFAULT CHARSET=utf8mb4;

--
-- Déchargement des données de la table `lst_article`
--

INSERT INTO `lst_article` (`id`, `autheur`, `date_post`, `date_edition`, `fk_categorie`, `is_enligne`) VALUES
(1, 'admin', '2020-11-04', NULL, 1, 0);

-- --------------------------------------------------------

--
-- Structure de la table `t_gallery`
--

DROP TABLE IF EXISTS `t_gallery`;
CREATE TABLE IF NOT EXISTS `t_gallery` (
  `id` int(11) NOT NULL AUTO_INCREMENT,
  `name` varchar(255) NOT NULL,
  `url` varchar(255) NOT NULL,
  PRIMARY KEY (`id`)
) ENGINE=MyISAM AUTO_INCREMENT=4 DEFAULT CHARSET=utf8mb4;

--
-- Déchargement des données de la table `t_gallery`
--

INSERT INTO `t_gallery` (`id`, `name`, `url`) VALUES
(3, 'La vie est une blague ', 'pic/upload/miniature/img_5fa3737c3dd36.jpg');

-- --------------------------------------------------------

--
-- Structure de la table `t_image`
--

DROP TABLE IF EXISTS `t_image`;
CREATE TABLE IF NOT EXISTS `t_image` (
  `code` varchar(10) NOT NULL DEFAULT '',
  `nom` varchar(50) CHARACTER SET utf8 DEFAULT NULL,
  `taille` int(11) NOT NULL,
  `mimetype` varchar(25) CHARACTER SET utf8 DEFAULT NULL,
  `description` text CHARACTER SET utf8 DEFAULT NULL,
  `img_blob` blob NOT NULL,
  `id` int(11) NOT NULL AUTO_INCREMENT,
  PRIMARY KEY (`code`),
  UNIQUE KEY `id` (`id`) USING BTREE
) ENGINE=MyISAM AUTO_INCREMENT=166 DEFAULT CHARSET=utf8mb4 ROW_FORMAT=COMPACT;

--
-- Déchargement des données de la table `t_image`
--

INSERT INTO `t_image` (`code`, `nom`, `taille`, `mimetype`, `description`, `img_blob`, `id`) VALUES
('ADD', 'add.gif', 110, 'image/gif', '', 0x47494638396110001000efbfbd0000000000efbfbdefbfbdefbfbd777676efbfbdefbfbdefbfbdefbfbdefbfbdefbfbdefbfbdefbfbdefbfbd00000000000021efbfbd0401000005002c000000001000100000032b58efbfbdefbfbdefbfbd304641efbfbd54efbfbd10316eefbfbdefbfbd537defbfbdefbfbd6928d89cefbfbdca8cefbfbd1832efbfbd40efbfbd35747befbfbd1ce1be8b50efbfbd00003b, 1),
('ADDGR', 'addgr.gif', 650, 'image/gif', NULL, 0x47494638396110001000efbfbd0000000000efbfbdefbfbdefbfbdefbfbdefbfbdefbfbdefbfbdefbfbdefbfbdefbfbdefbfbdefbfbdefbfbdefbfbdefbfbdefbfbdefbfbdefbfbdefbfbdefbfbdefbfbdefbfbdefbfbdefbfbdefbfbdefbfbdefbfbdefbfbdefbfbdefbfbdefbfbdefbfbdefbfbdefbfbdefbfbdefbfbdefbfbdefbfbdefbfbdefbfbdefbfbdefbfbdefbfbdefbfbdefbfbdefbfbdefbfbdefbfbdefbfbdefbfbdddb4efbfbdefbfbdefbfbdefbfbdefbfbdefbfbdefbfbdefbfbdefbfbdefbfbdefbfbdefbfbdefbfbdefbfbdefbfbdefbfbdefbfbdefbfbdefbfbdefbfbdefbfbdefbfbdefbfbdefbfbdefbfbdefbfbdefbfbdefbfbdefbfbdefbfbdefbfbdefbfbdefbfbdefbfbdefbfbd7c7c7c7b7b7b7979797878787777777676767575757474747373737272727171717070706f6f6f6e6e6e6d6d6d6c6c6c6b6b6b6a6a6a6868686767676666666565656262626161616060605e5e5e5c5c5c5a5a5a5757575656565555555353535252525151515050504f4f4f4e4e4e4d4d4d4c4c4c4b4b4b4a4a4a4949494444444343434242424141413f3f3f3e3e3e3d3d3d3b3b3b373737363636efbfbdefbfbdefbfbd00000000000000000000000000000000000000000000000000000000000000000000000000000000000000000000000000000000000000000000000000000000000000000000000000000000000000000000000000000000000000000000000000000000000000000000000000000000000000000000000000000000000000000000000000000021efbfbd0401000052002c00000000100010000007cc8052efbfbdefbfbd3f2f30313041efbfbdefbfbdefbfbd3e1101efbfbd010c3cefbfbdefbfbd2f011524201a041cefbfbdefbfbd35052b4d4b380a1eefbfbd3d252b1602224947320a13322c44523aefbfbd04010b2748efbfbd0f0202010d4231efbfbd322d2d3d44413b251e2215012a300123514f4c47413f3e42404622022cefbfbd22504e4b4641403e403f452103efbfbd01183935344043403b2e282e1902efbfbdefbfbdefbfbd400002040c5020313203efbfbd01030416efbfbdefbfbdefbfbdefbfbd03efbfbd00efbfbd6225efbfbd60efbfbd03efbfbd45360aefbfbd68efbfbdefbfbdc6a94f525c04efbfbdefbfbd62c586021b50efbfbd701060efbfbd005e39504aefbfbd41efbfbdefbfbd09123b180502003b, 21),
('ALERT', 'empty.png', 3626, 'image/png', NULL, 0xefbfbd504e470d0a1a0a0000000d49484452000000100000001008060000001fefbfbdefbfbd61000000097048597300000b1300000b130100efbfbdefbfbd1800000a4f6943435050686f746f73686f70204943432070726f66696c65000078da9d53675453efbfbd163defbfbdefbfbdefbfbd424befbfbdefbfbdefbfbd4b6f521508205242efbfbdefbfbd14efbfbd262a2109104aefbfbd21efbfbdefbfbd1551efbfbd114545041bc8a0efbfbd03efbfbdefbfbdefbfbdefbfbd15512c0cefbfbd0aefbfbd07efbfbd21efbfbdefbfbdefbfbdefbfbdefbfbdefbfbdefbfbdefbfbdefbfbd7befbfbd6bd6bcefbfbdefbfbdefbfbdefbfbdefbfbdefbfbd3eefbfbdefbfbdefbfbd07efbfbd080cefbfbd48335135efbfbd0cefbfbd421e11efbfbdefbfbdefbfbdefbfbdefbfbdefbfbdefbfbd2e40efbfbd0a2470001008efbfbd642173efbfbd230100efbfbd7e3c3c2b22efbfbd07efbfbd000178efbfbd0b0800efbfbd4defbfbdefbfbd301cefbfbdefbfbd0fefbfbd42efbfbd5c01efbfbdefbfbd01efbfbd74efbfbd384b08efbfbd1400407aefbfbd42efbfbd00404601efbfbdefbfbdefbfbd265300efbfbd040060efbfbd6362efbfbd00502d0060277fefbfbdefbfbd00efbfbdefbfbdefbfbdefbfbd7b01005befbfbd211501efbfbdefbfbd00201365efbfbd4400683b00efbfbdefbfbd56efbfbd450058300014664befbfbd3900efbfbd2d00304957664800efbfbdefbfbd00efbfbdefbfbd100befbfbd00080c003051efbfbdefbfbd2900047b0060efbfbd23237800efbfbdefbfbd001446efbfbd573cefbfbd2befbfbd10efbfbd2a000078efbfbdefbfbd3cefbfbd243945efbfbd5b082d710757572e1e28efbfbd49172b1436610261efbfbd402eefbfbd79efbfbd1932efbfbd340fefbfbdefbfbdefbfbd0000efbfbdefbfbd1511efbfbdefbfbdefbfbdefbfbd78efbfbd0eefbfbdefbfbdefbfbd36efbfbdefbfbd0e5f2defbfbd06efbfbd226262efbfbdefbfbdefbfbdcfab70400000efbfbd747eefbfbdefbfbd2c2fefbfbd1aefbfbd3b06efbfbd6defbfbdefbfbd25efbfbd04685e0befbfbd75efbfbdefbfbd66efbfbd0f40efbfbd00efbfbdefbfbdefbfbd57efbfbd70efbfbd7e3c3c45efbfbdefbfbdefbfbdefbfbdefbfbdefbfbdefbfbdefbfbdefbfbd4aefbfbd425b61efbfbd577defbfbd67efbfbd5fefbfbd57efbfbd6cefbfbd7e3cefbfbdefbfbdefbfbdefbfbdefbfbd24efbfbd325defbfbd4704efbfbdefbfbdefbfbdefbfbdefbfbd4cefbfbd1ccf9209efbfbd62efbfbdefbfbd47efbfbdefbfbd0befbfbdefbfbd1defbfbd22efbfbd4962efbfbd582a14efbfbd511271efbfbd44efbfbdefbfbdefbfbd32efbfbd22efbfbd42efbfbd29efbfbd25efbfbdefbfbd64efbfbdefbfbd2cefbfbd033eefbfbd3500efbfbd6a3e017befbfbd2defbfbd5d6303efbfbd4b27105874efbfbdefbfbdefbfbd0000efbfbd6fefbfbdefbfbd280803efbfbd68efbfbdefbfbdefbfbd77efbfbdefbfbd3fefbfbd47efbfbd2500efbfbd6649efbfbd7100005e44242e54cab33fefbfbd08000044efbfbdefbfbd2aefbfbd411befbfbdefbfbd182cefbfbd061cefbfbd05efbfbdefbfbd0befbfbd6036efbfbd4224efbfbdefbfbd4210420a64efbfbd1c726029efbfbdefbfbd4228efbfbdcdb01d2a602fefbfbd401d34efbfbd5168efbfbdefbfbd700e2eefbfbd55efbfbd0e3d700fefbfbd6108efbfbdefbfbd28efbfbdefbfbd090441efbfbd08136121da880162efbfbd5823efbfbd0817efbfbdefbfbdefbfbd21efbfbd480412efbfbd2420c9881451224befbfbd35483152efbfbd542055481defbfbd3d720239efbfbd5c46efbfbdefbfbd3befbfbd0032efbfbdefbfbdefbfbdefbfbd4731efbfbdefbfbdefbfbd513defbfbd0cefbfbd43efbfbdefbfbd371aefbfbd46efbfbd0befbfbd647431efbfbdefbfbd16efbfbdefbfbdefbfbd72efbfbd1a3defbfbd36efbfbdefbfbdd0ab680fda8f3e43efbfbd30efbfbdefbfbd180733efbfbd6c302eefbfbdefbfbd42efbfbd382c09efbfbd63cbb122efbfbd0cefbfbdefbfbd1aefbfbd56efbfbd03efbfbdefbfbdefbfbd63cfb1770412efbfbd45efbfbd093604774220611e4148584c584eefbfbd48efbfbd201c243411efbfbd09370903efbfbd51efbfbd2722efbfbdefbfbd4befbfbd26efbfbd11efbfbdefbfbd18623231efbfbd58482c23efbfbd12efbfbd132f107befbfbd43efbfbd372412efbfbd433227efbfbdefbfbd0249efbfbdefbfbd54efbfbd12efbfbd46efbfbd6e5223efbfbd2cefbfbdefbfbd34481a23efbfbdefbfbdefbfbd646befbfbd0739efbfbd2c202bc885efbfbdefbfbdefbfbdefbfbd33efbfbd1befbfbd21efbfbd5b0aefbfbd624071efbfbdefbfbd53efbfbd2852efbfbd6a4a19efbfbd10efbfbd34efbfbd0665efbfbd324155efbfbdefbfbd52dda8efbfbd541135efbfbd5a42efbfbdefbfbdefbfbd52efbfbd51efbfbdefbfbd133475efbfbd39cd8316494befbfbdefbfbdefbfbdefbfbdefbfbd1a681768efbfbd69efbfbdefbfbd74efbfbd11dd951e4eefbfbdefbfbd57efbfbdefbfbdefbfbd47efbfbdefbfbd03efbfbd770c0defbfbd15efbfbdc788672819efbfbd18071867197718efbfbdefbfbd4cefbfbd19d38b19efbfbd54303731efbfbdefbfbd0fefbfbd6f55582aefbfbd2a7c15efbfbdefbfbd0aefbfbd4aefbfbd26efbfbd1b2a2f54efbfbdefbfbdefbfbdefbfbddeaa0b55efbfbd55efbfbd54efbfbdefbfbd5e537defbfbd46553353efbfbd09d496efbfbd55efbfbdefbfbd50efbfbd531b5367efbfbd3befbfbdefbfbdefbfbd67efbfbd6f543fefbfbd7e59efbfbdefbfbd0659efbfbd4cefbfbd4f43efbfbd51efbfbdefbfbd5fefbfbdefbfbd200b6319efbfbd782c216b0defbfbdefbfbd75efbfbd35efbfbd26efbfbdefbfbdefbfbd7c762aefbfbdefbfbdefbfbd1defbfbdefbfbd3defbfbdefbfbdefbfbd3943334a3357efbfbd52efbfbd663f07efbfbd71efbfbdefbfbd744e09efbfbd28efbfbdefbfbdefbfbd7eefbfbdefbfbd14efbfbd29efbfbd291befbfbd344cefbfbd31655c6befbfbdefbfbdefbfbdefbfbd58efbfbd48efbfbd51efbfbd47efbfbd36efbfbdefbfbdefbfbdefbfbd45efbfbd59efbfbdefbfbd0e41efbfbd4a275c274767efbfbdefbfbd05efbfbdefbfbd53efbfbd53dda70aefbfbd164d3d3aefbfbdefbfbd2eefbfbd6befbfbd1befbfbdefbfbd4477efbfbd6eefbfbdee989eefbfbd5eefbfbdefbfbd4c6fefbfbdefbfbd79efbfbdefbfbdefbfbd1c7d2fefbfbd54efbfbd6defbfbdefbfbdefbfbd470c5806efbfbd0c2406efbfbd0cefbfbd183cefbfbd35716f3c1d2fefbfbdefbfbdefbfbd51435defbfbd4043efbfbd61efbfbd61efbfbde18491efbfbdefbfbd3cefbfbdefbfbd46efbfbd460fefbfbd69efbfbd5cefbfbd24efbfbd6defbfbd6dc6a326062621264b4defbfbd4defbfbd524defbfbdefbfbd29efbfbd3b4c3b4cefbfbdefbfbdefbfbdcda2efbfbdd69935efbfbd3d31efbfbd32efbfbdefbfbdd79bdfb7605a785a2cefbfbdefbfbdefbfbdefbfbd6549efbfbdefbfbd5aefbfbd59eeb6bc6eefbfbd5a3959efbfbd58555a5defbfbd46efbfbdefbfbdefbfbd25d6bbefbfbdefbfbdefbfbd11efbfbdefbfbd4eefbfbd4eefbfbdefbfbdefbfbd67c3b0efbfbdc9b6efbfbdefbfbd19efbfbdefbfbdefbfbd06dbaeefbfbd6defbfbd7d6167621767efbfbdc5aeefbfbdee93bdefbfbd7defbfbd7defbfbdefbfbd3d070defbfbdefbfbd0eefbfbd1d5a1d7e73efbfbd72143a563ade9ace9cefbfbd3f7defbfbdefbfbdefbfbdefbfbd2f6758efbfbd10efbfbdefbfbd33efbfbd13efbfbd29efbfbd69efbfbd53efbfbdefbfbd47671767efbfbd73efbfbdf3888b894befbfbdefbfbd2eefbfbd3e2eefbfbd1befbfbdefbfbdc8bdefbfbd4a74efbfbd715defbfbd7aefbfbdefbfbdefbfbdefbfbdefbfbdefbfbdefbfbdefbfbddbafefbfbd36efbfbd69efbfbddc9fefbfbd34efbfbd29efbfbd593373efbfbdefbfbdefbfbd43efbfbd51efbfbdefbfbd3f0befbfbdefbfbd306bdfac7e4f434fefbfbd67efbfbdefbfbd232f632fefbfbd57efbfbdd7b0efbfbdefbfbd77efbfbdefbfbd61efbfbd173eefbfbd3e72efbfbdefbfbd3eefbfbd3c37efbfbd32efbfbd595fefbfbd37efbfbdefbfbdc8b7efbfbd4fefbfbd6fefbfbd5fefbfbdefbfbd437f23efbfbd64efbfbd7aefbfbdefbfbd00efbfbdefbfbd25016703efbfbdefbfbd41efbfbd5b02efbfbdefbfbd7a7c21efbfbdefbfbd3f3aefbfbd65efbfbdefbfbdefbfbdefbfbd41efbfbdefbfbdefbfbd411541efbfbdefbfbdefbfbdefbfbdefbfbdefbfbdefbfbd2168efbfbdec90ad21efbfbdefbfbdce91efbfbd690eefbfbd507eefbfbdefbfbdefbfbd0761efbfbd61efbfbdefbfbd7e0c27efbfbdefbfbdefbfbd57efbfbd3fefbfbd70efbfbd581aefbfbd31efbfbd3577efbfbdefbfbd4373efbfbd44efbfbd44efbfbd44de9b67314f39efbfbd2d4a352a3eefbfbd2e6a3cefbfbd37efbfbd34efbfbd3fefbfbd2e6659efbfbdefbfbd58efbfbd58496c4b1c392e2aefbfbd366e6cefbfbdefbfbdefbfbdefbfbdefbfbdefbfbdefbfbd0befbfbd7b17efbfbd2fefbfbd5d7079efbfbdefbfbdefbfbdefbfbd16efbfbd2e122c3aefbfbd404cefbfbd4e38efbfbdefbfbd41102aefbfbd16efbfbd25efbfbd137725efbfbd0a79efbfbd1defbfbd67222fefbfbd36d188efbfbd435c2a1e4eefbfbd482a4d7aefbfbdec91bc357924efbfbd33efbfbd2ce5b98427efbfbdefbfbdefbfbd4c0d4cdd9b3aefbfbd16efbfbd76206d323d3aefbfbd31efbfbdefbfbdefbfbdefbfbd7142efbfbd214defbfbdefbfbd67efbfbd67efbfbd6676cbac65efbfbdefbfbdefbfbdefbfbd6eefbfbdefbfbd2f1eefbfbd07efbfbd6befbfbdefbfbdefbfbd05592d0aefbfbd42efbfbdefbfbd545a28efbfbd2a07efbfbd67655766efbfbdcd89efbfbd39efbfbdefbfbdefbfbd2befbfbdefbfbdccb3efbfbddb9037efbfbdefbfbdefbfbdefbfbd12efbfbd12e192b6efbfbdefbfbd4b572d1d58e6bdac6a39efbfbd3c7179efbfbd0aefbfbd15052befbfbd5606efbfbd3cefbfbdefbfbdefbfbd2a6defbfbd4fefbfbdefbfbd57efbfbdefbfbd7eefbfbd267a4d6befbfbd5eefbfbdca82efbfbdefbfbd016befbfbd0b550aefbfbd7defbfbdefbfbdefbfbdefbfbd5d4f582f59dfb561efbfbdefbfbdefbfbd1b3e15efbfbdefbfbdefbfbd14efbfbd17efbfbd157fefbfbd28efbfbd78efbfbd1befbfbd6fcabfefbfbddc94efbfbdefbfbdefbfbdc4b964efbfbd66efbfbd66efbfbdefbfbdefbfbd2defbfbd5b0eefbfbdefbfbdefbfbdefbfbd0e6e0defbfbddab40defbfbd56efbfbdefbfbdefbfbdefbfbd45efbfbd2fefbfbdefbfbd28dbbbefbfbdefbfbd43efbfbdefbfbdefbfbd3cefbfbdefbfbd65efbfbdefbfbdefbfbdefbfbd3b3f54efbfbd54efbfbd54efbfbd5436efbfbdefbfbdddb561efbfbdefbfbd6eefbfbdefbfbd1b7befbfbdefbfbd34efbfbdefbfbdefbfbd5befbfbdefbfbdefbfbd3ec9beefbfbd5501554defbfbd66efbfbd65efbfbd49efbfbdefbfbdefbfbd3fefbfbdefbfbdefbfbdefbfbdefbfbdefbfbdefbfbd6d5defbfbd4e6d71efbfbdefbfbd03efbfbd03efbfbd07230eefbfbdd7b9efbfbdefbfbd1defbfbd3d5452efbfbdefbfbd2befbfbd470eefbfbd1fefbfbdefbfbdefbfbdefbfbd772d0d360d55efbfbdefbfbdefbfbdefbfbd23704479efbfbdefbfbdefbfbd09efbfbdefbfbd1e0d3aefbfbd76efbfbd7befbfbdefbfbd07efbfbd1f761d671d2f6a42efbfbdefbfbd46efbfbd53efbfbdefbfbd5b625befbfbd4fefbfbd3eefbfbdefbfbdefbfbdefbfbd7aefbfbd47efbfbd1f0fefbfbd343c59794aefbfbd54efbfbd69efbfbdefbfbdd39367efbfbdcf8cefbfbdefbfbdefbfbd7d7e2eefbfbdefbfbd60dba2efbfbd7befbfbd63efbfbdefbfbd6a0f6fefbfbd1074efbfbdefbfbd45efbfbdefbfbdefbfbd3befbfbd3befbfbd5cefbfbd74efbfbdefbfbdefbfbd1357efbfbd57efbfbdefbfbd3a5f6defbfbd74efbfbd3cefbfbdefbfbdefbfbd4fc7bbefbfbdefbfbdefbfbdefbfbdefbfbd5c6befbfbdefbfbd7aefbfbdefbfbd7b66efbfbdefbfbd1befbfbd37efbfbdefbfbdefbfbdefbfbd79efbfbd16efbfbdefbfbdd59e393dddbdefbfbd7a6fefbfbdefbfbdefbfbdefbfbdefbfbd16efbfbd7e7227efbfbdefbfbdcbbbefbfbd7727eeadbc4fefbfbd5fefbfbd40efbfbd41efbfbd43dd87efbfbd3f5befbfbdefbfbdefbfbdefbfbdefbfbd7f6aefbfbd77efbfbdefbfbdefbfbdefbfbd47efbfbd06efbfbdefbfbdefbfbdefbfbdefbfbdefbfbdefbfbd0f4305efbfbdefbfbdefbfbdcb860defbfbdefbfbd383e3939efbfbd3f72efbfbdefbfbdefbfbdefbfbd43efbfbd64efbfbd26efbfbd17efbfbdefbfbdefbfbdcbae17162f7eefbfbdefbfbdefbfbdefbfbdefbfbdd198d1a1efbfbdf29793bf6d7cefbfbdefbfbdefbfbdefbfbdefbfbd19efbfbdefbfbdefbfbdefbfbdefbfbd1eefbfbdefbfbd7833315eefbfbd56efbfbdefbfbdefbfbd77efbfbd771defbfbdefbfbd0f4fefbfbd7c207f28efbfbd68efbfbdefbfbdefbfbd53d0a7efbfbdefbfbd19efbfbdefbfbdefbfbd0403efbfbdefbfbdefbfbd63332defbfbd000000206348524d00007a250000efbfbdefbfbd0000efbfbdefbfbd0000efbfbdefbfbd000075300000efbfbd6000003aefbfbd0000176fefbfbd5fefbfbd46000003554944415478daa4efbfbd4f4cefbfbd751cc69fefbfbdefbfbd7ddbb7efbfbdefbfbd165a28dd984a040269efbfbd32efbfbdefbfbd79311b4a42efbfbdefbfbdc8b8efbfbd697a2061efbfbdefbfbd7a331e3c78efbfbd6531efbfbd6aefbfbd34efbfbd30efbfbdefbfbdc6a64cefbfbd433808633242efbfbd0e2808efbfbd066defbfbdefbfbdefbfbd3f5e364fefbfbd7c2eefbfbdefbfbdefbfbd49efbfbdefbfbdefbfbd52efbfbd3fd1a7efbfbd7f4b0d0d0defbfbdefbfbdefbfbd1defbfbd41efbfbd5211efbfbd10efbfbd68efbfbdefbfbd76efbfbdefbfbd3fefbfbd3977efbfbdefbfbdefbfbd77234defbfbdefbfbd4eefbfbdefbfbdefbfbd52efbfbd4a25efbfbd727f45492949efbfbd0fefbfbd7defbfbdefbfbd5defbfbdefbfbd0befbfbd79003fefbfbd79647e3eefbfbd595c7a41e8bab9efbfbd053befbfbdefbfbd39efbfbdefbfbd755d07efbfbdefbfbdefbfbd4c6b2befbfbd7defbfbd3defbfbdefbfbdefbfbdefbfbd3b7aefbfbd63efbfbd1631efbfbdefbfbdc2bbefbfbdefbfbdefbfbdefbfbdefbfbdefbfbd78efbfbd784334da94efbfbdefbfbd7aefbfbdefbfbdefbfbdefbfbdefbfbdefbfbdefbfbdefbfbd2222efbfbd22efbfbd5473335defbfbdefbfbd6befbfbdd9b60500efbfbdefbfbdefbfbd25efbfbd4a29efbfbd387a647535dfb85f7e253939194aefbfbdefbfbdefbfbdefbfbd4aefbfbd27efbfbdefbfbd39efbfbdefbfbdefbfbd1fefbfbd2aefbfbd1a4801efbfbdefbfbd5aefbfbd16660707efbfbd71efbfbdefbfbd14efbfbd6a35efbfbdefbfbd0e051befbfbd6cd3bdefbfbdefbfbd787777efbfbd59282031efbfbd06efbfbd39efbfbd66746cefbfbdefbfbdefbfbdefbfbd5f23efbfbdefbfbdefbfbd50480541efbfbd0e2befbfbdefbfbd59efbfbdefbfbd3cefbfbd21efbfbd24efbfbd4aefbfbd21efbfbd74773cefbfbd38efbfbdefbfbdefbfbd6136efbfbdefbfbdefbfbd3f7676efbfbd78efbfbd3c5a1f1f343defbfbdefbfbd7f21efbfbd282befbfbd64efbfbd1fefbfbd71ec80bd73efbfbd7defbfbdefbfbd545c48d2b677efbfbdefbfbd6befbfbd67efbfbd5cefbfbdefbfbdefbfbd697c3a35efbfbd2b57efbfbdefbfbd2c14efbfbdefbfbdefbfbdefbfbd73efbfbd6b3d6aefbfbd74efbfbd6a5b71dbb621efbfbdefbfbd2cefbfbd1fefbfbdefbfbdefbfbdefbfbd317befbfbd76efbfbdefbfbd7e1d4f6bdab1efbfbdefbfbd41efbfbd4402efbfbd7501efbfbd0725efbfbd300b0534efbfbd7644efbfbdefbfbdefbfbd5defbfbd06efbfbdefbfbd1a11efbfbd4d4f5f570f0f2b14efbfbdefbfbd7d35efbfbd7a6762efbfbdefbfbd5aefbfbdefbfbd000020efbfbdd282efbfbd540a0050efbfbdefbfbdefbfbdefbfbdefbfbd44efbfbdde9f2d726363efbfbdefbfbdefbfbdefbfbd7defbfbd666eefbfbd2212efbfbdefbfbd33efbfbdefbfbd41efbfbd61efbfbd1263635477efbfbd1400efbfbd582c22efbfbdc9a0efbfbdefbfbd0befbfbd694256efbfbdefbfbd3fefbfbd44efbfbdefbfbdc985efbfbd3fefbfbdefbfbd2befbfbdefbfbd02efbfbd226defbfbd75efbfbd455d3f113b7aefbfbdc587efbfbd01004a292c2c2cefbfbdefbfbdefbfbdf2bfb38defbfbdefbfbdefbfbdefbfbdefbfbd44efbfbdefbfbdefbfbd11efbfbdefbfbdefbfbdcba5efbfbd4747efbfbdefbfbd74efbfbd5e13efbfbd2fefbfbdefbfbdefbfbdefbfbdc48411efbfbdefbfbd0300101152efbfbd3472efbfbdefbfbd4825efbfbd000016efbfbd4101efbfbd1b37efbfbd297845efbfbdefbfbd4a6fefbfbd6d3d1b0eefbfbd0ccbb2efbfbd3b77efbfbd5b5e0e292901efbfbdefbfbd110e432aefbfbd5defbfbd5350efbfbdefbfbd1844efbfbd4c06efbfbdefbfbd761c365fefbfbd46753f14c29a655defbfbdefbfbdefbfbd66efbfbdefbfbd6c4809efbfbdefbfbd103aefbfbdd095520429434a4a1d52efbfbd504aefbfbdefbfbdefbfbd6618efbfbd07efbfbd05efbfbd616ceb87a6efbfbd353f5f0250efbfbdefbfbdefbfbdefbfbdefbfbdefbfbdefbfbd1327efbfbd27efbfbd00efbfbdefbfbd41efbfbd61efbfbd7f06007f1cefbfbd7defbfbd4d174b0000000049454e44efbfbd4260efbfbd, 165),
('BACK', 'back.gif', 151, 'image/gif', NULL, 0x47494638396110001000efbfbd0000000000efbfbdefbfbdefbfbdefbfbdefbfbdefbfbdefbfbdefbfbdefbfbdefbfbdefbfbdefbfbdefbfbdefbfbdefbfbdefbfbdefbfbdefbfbdefbfbdefbfbdefbfbdefbfbdefbfbdefbfbdefbfbdefbfbdefbfbd7d7d7d686868efbfbdefbfbdefbfbd00000000000000000021efbfbd040100000c002c000000001000100000043eefbfbdefbfbd49efbfbdefbfbd6b5defbfbdefbfbd12efbfbdefbfbd15efbfbdefbfbd75efbfbdefbfbd7e5777efbfbd2b5875081cefbfbd4a62df9440efac8a4fefbfbd05efbfbd28efbfbdefbfbd322465efbfbdefbfbdefbfbd4700efbfbd2e08efbfbd1e61efbfbdefbfbd3222003b, 119),
('CALENDAR', 'calendar.gif', 605, 'image/gif', NULL, 0x47494638396110001000efbfbd0000000000efbfbdefbfbdefbfbd7a7979efbfbdefbfbdefbfbdefbfbdefbfbdefbfbdefbfbdefbfbdefbfbdefbfbdefbfbdefbfbdefbfbdefbfbdefbfbdefbfbdefbfbdefbfbdefbfbdefbfbdefbfbdefbfbdefbfbdefbfbdefbfbdefbfbdefbfbdefbfbdefbfbdefbfbdefbfbdefbfbdefbfbdefbfbdefbfbdefbfbdefbfbdefbfbdefbfbdefbfbdefbfbdefbfbdefbfbdefbfbdefbfbdefbfbdefbfbdefbfbdefbfbdefbfbdefbfbdefbfbdefbfbdefbfbdefbfbdefbfbdefbfbdefbfbdefbfbdefbfbdefbfbdefbfbdefbfbdefbfbdefbfbdefbfbdefbfbdefbfbdefbfbdefbfbdefbfbdefbfbdefbfbdefbfbdefbfbdefbfbdefbfbdefbfbdefbfbdefbfbdefbfbdefbfbdefbfbdefbfbdefbfbdefbfbdc2bfefbfbdefbfbdefbfbdefbfbdefbfbdefbfbdefbfbdefbfbdefbfbdefbfbdefbfbdefbfbdefbfbdefbfbdefbfbdefbfbdefbfbdefbfbdefbfbdefbfbdefbfbdefbfbdefbfbdefbfbdefbfbdefbfbdefbfbdefbfbdefbfbdefbfbdefbfbdefbfbdefbfbdefbfbdefbfbdefbfbdefbfbdefbfbdefbfbdefbfbdefbfbdefbfbdefbfbdefbfbdefbfbdefbfbdefbfbdefbfbdefbfbdefbfbdefbfbdefbfbdefbfbdefbfbdefbfbdefbfbdefbfbdefbfbdefbfbdefbfbdefbfbdefbfbdefbfbdefbfbdefbfbdefbfbdefbfbdefbfbdefbfbdefbfbdefbfbdefbfbdefbfbdefbfbdefbfbdefbfbdefbfbdefbfbdefbfbdefbfbdefbfbdefbfbdefbfbdefbfbdefbfbdefbfbdefbfbdefbfbdefbfbdefbfbdefbfbdefbfbdefbfbdefbfbdefbfbdefbfbdefbfbdefbfbd7f7f7f7b7b7b6d6d6d6a6a6a5252525151514040403c3c3cefbfbdefbfbdefbfbd00000000000000000000000000000000000000000000000000000000000000000000000000000000000000000000000000000000000000000000000000000000000000000000000000000000000000000000000000000000000000000000000000000000000000000000000000000000000000000000000000000000000000000000000000000000000000000000000000000000000000000000000000000000000021efbfbd0401000049002c00000000100010000007efbfbdefbfbd02efbfbdefbfbdefbfbdefbfbdefbfbd28efbfbdefbfbdefbfbdefbfbd2defbfbd363635efbfbdefbfbdefbfbdefbfbd021d2423efbfbd232221efbfbd21201e29efbfbd05191918181716161514efbfbd0d1fefbfbdefbfbd17efbfbd15efbfbdefbfbd120b1defbfbd1842474745efbfbdefbfbd1a110eefbfbd0205171a16364717142847180b0b1cefbfbd1625efbfbd43efbfbd27efbfbd09081aefbfbd1b1537efbfbd122647130a0518efbfbd46efbfbd44100b47482a0eefbfbd1512100f0b0d0a09090e1018706154010306102060efbfbd20efbfbd3fefbfbd05050401efbfbde3878f1e3c78efbfbdd09123070e1cefbfbd66cc901103c68b172e5aefbfbd60efbfbd62050d4330090502003b, 139),
('CANCEL', 'annuler-icone-8717-16.png', 1109, 'image/png', NULL, 0xefbfbd504e470d0a1a0a0000000d49484452000000100000001008060000001fefbfbdefbfbd6100000006624b474400efbfbd00efbfbd00efbfbdefbfbdefbfbdefbfbdefbfbd000000097048597300000048000000480046efbfbd6b3e00000009767041670000001000000010005cc6adefbfbd0000037e4944415438efbfbd5553494c1351187e16efbfbd40efbfbdefbfbdccbc2eefbfbd22efbfbdefbfbd4559efbfbd08efbfbdefbfbd2860efbfbd3131c698483c7828efbfbd4242efbfbdefbfbdefbfbd075c01efbfbd155114efbfbd62593aefbfbd6defbfbd02efbfbd505163506262efbfbd21c68331efbfbd201eefbfbd18efbfbd44efbfbdefbfbdefbfbd37efbfbdc5977cefbfbdefbfbd79efbfbdefbfbd7f6f32efbfbdefbfbd5b13efbfbdefbfbdefbfbdefbfbd39efbfbd654befbfbdefbfbdefbfbdefbfbd531b37c6a6366c782defbfbd7145456c1aefbfbd5defbfbd2c11efbfbdc9b232efbfbddf9a703848efbfbdefbfbd34efbfbd4145efbfbdefbfbd5871efbfbdcc98efbfbdefbfbd7b343defbfbdefbfbd154516494b63efbfbdefbfbd0c16efbfbdefbfbdefbfbd7d7fddbaefbfbd47efbfbd36efbfbd282b4befbfbd743aefbfbdefbfbdefbfbd050564302f4f31efbfbd70efbfbddfb65a3f07efbfbd7a36efbfbdefbfbd2defbfbd1a0c3351efbfbd313021efbfbd52efbfbd687c3eefbfbdefbfbd7f1f3618d898efbfbdefbfbdefbfbdefbfbdefbfbd591fefbfbdefbfbd57efbfbd1416227defbfbd7a325a52efbfbd0aefbfbdefbfbdefbfbd20efbfbdefbfbd4eefbfbd6eefbfbdefbfbdefbfbd6eefbfbdefbfbdefbfbdefbfbdefbfbdefbfbd0959322eefbfbd1c0cefbfbdefbfbdefbfbdefbfbd37efbfbd703e6cefbfbdefbfbd23efbfbd4c424befbfbd76efbfbd72efbfbd6a1de9a194efbfbdefbfbd1b083f4064efbfbdefbfbdefbfbdefbfbd5cefbfbdefbfbdefbfbd31efbfbdefbfbdefbfbd0132402909efbfbd74efbfbdefbfbdefbfbdefbfbd066012efbfbdefbfbd46efbfbd45454a22efbfbd6cefbfbd7e51efbfbd77efbfbd3cefbfbdefbfbdefbfbdefbfbd214a5b414c0cefbfbd64efbfbd6279efbfbd7cc78e6d12efbfbd626c727eefbfbd0a22517a123cd697efbfbd16efbfbdefbfbdefbfbd5b4eefbfbd3332efbfbd0b42efbfbd06efbfbd7defbfbdefbfbdefbfbd20efbfbd5a4c11efbfbdefbfbd2c4eefbfbdefbfbdefbfbdefbfbdc59e3defbfbdefbfbdefbfbd4aefbfbdefbfbd402076efbfbd79efbfbdefbfbdefbfbdefbfbd444f66663defbfbd2a080d5757efbfbd64efbfbd396eefbfbd2708efbfbd1eefbfbd30efbfbd1978efbfbd69efbfbdefbfbd39efbfbdefbfbdefbfbdefbfbd656d6defbfbd1d5cefbfbdefbfbd52efbfbdefbfbdefbfbd673b39efbfbd7552efbfbd405a35efbfbd23efbfbdefbfbd5aefbfbdefbfbdefbfbd71efbfbd6aefbfbdefbfbdefbfbd4cefbfbd1f26efbfbd0f27efbfbd6f0126771e5befbfbdefbfbdefbfbdefbfbdc7a31cefbfbdefbfbd29efbfbd12efbfbdefbfbd1c0aefbfbd11efbfbd55efbfbdefbfbd5fefbfbd68efbfbdefbfbd73efbfbdefbfbdefbfbdefbfbd3575efbfbdefbfbd77efbfbdefbfbdefbfbdefbfbd4e0846dd8d5a1fefbfbdefbfbdefbfbd31187eefbfbd753a4fefbfbdefbfbdefbfbd0e5eefbfbdefbfbdefbfbd36efbfbdefbfbdefbfbd25efbfbd663b6951efbfbdefbfbd47efbfbdefbfbdefbfbd09efbfbd6565efbfbd78525363efbfbd6cefbfbd4c50efbfbdefbfbdefbfbdefbfbdefbfbdefbfbd0eefbfbdefbfbdefbfbd0e24efbfbdefbfbdc6afdd99efbfbdefbfbd2164efbfbd4f23efbfbdefbfbdefbfbd2aefbfbd0c37efbfbd7e5c44efbfbdefbfbdefbfbdefbfbdefbfbd33efbfbdefbfbdefbfbdefbfbdefbfbd25452b2bc980d9bcefbfbdefbfbdd2b62b5aefbfbd421befbfbdefbfbdefbfbd2eefbfbdefbfbd50374048130cefbfbd14efbfbdefbfbd59efbfbd4a5c00efbfbd2b3b7b2eefbfbd70efbfbd45efbfbd6e3d1e71efbfbd1a7a57efbfbdefbfbd21efbfbd17efbfbd0c410904efbfbd032972efbfbdefbfbd3aefbfbdefbfbd4c4e2b14efbfbd732929671b5353efbfbd525359efbfbd4ac5bc18db8befbfbdefbfbd7defbfbd52c99aefbfbdefbfbdefbfbd4670efbfbd2625efbfbdefbfbd2d5defbfbd571c08045601efbfbdefbfbdefbfbdefbfbd7eefbfbdefbfbdefbfbdefbfbdefbfbd4e6aefbfbdefbfbdefbfbdefbfbd62efbfbdefbfbd66efbfbd50323cefbfbd5fefbfbdefbfbdefbfbdefbfbdefbfbd19386e707742530eefbfbd65efbfbd02601f700c68efbfbdefbfbdefbfbd3cefbfbdefbfbdefbfbd4eefbfbdefbfbdefbfbd71efbfbdefbfbd22efbfbd3defbfbd5defbfbd594b40efbfbdce807718efbfbd014c7f003c757f7940efbfbd37efbfbd0000002574455874646174653a63726561746500323030392d30392d31335431353a35323a31302b30323a3030efbfbd6defbfbd0000002574455874646174653a6d6f6469667900323030392d30392d31335431353a35323a31302b30323a3030efbfbd304b040000000049454e44efbfbd4260efbfbd, 161),
('CLOSE', 'close.png', 879, 'image/png', '', 0xefbfbd504e470d0a1a0a0000000d49484452000000100000001008060000001fefbfbdefbfbd6100000006624b474400efbfbd00efbfbd00efbfbdefbfbdefbfbdefbfbdefbfbd000000097048597300000b1300000b130100efbfbdefbfbd180000000774494d4507efbfbd0619101e1b6e74efbfbdefbfbd000000efbfbd74455874436f6d6d656e74004d656e752d73697a65642069636f6e0a3d3d3d3d3d3d3d3d3d3d0a0a2863292032303034204a616b756220276a696d6d61632720537465696e65722c200a687474703a2f2f6a696d6d61632e6d7573696368616c6c2e637a0a0a637265617465642077697468207468652047494d502c0a687474703a2f2f7777772e67696d702e6f7267efbfbdefbfbd71000002644944415438cba5efbfbd4f48efbfbd7118efbfbd3fefbfbdefbfbd4d27efbfbd3adfa6efbfbd4c4aefbfbdd1b4efbfbdc69cefbfbdefbfbdefbfbd3a44efbfbd4350efbfbd52efbfbdefbfbd1eefbfbddaa05b1defbfbd78efbfbdefbfbdefbfbd5311d3bb11050512efbfbd27efbfbd506a453875efbfbd5fefbfbd39734eefbfbdefbfbdefbfbd0defbfbd1defbfbd5eefbfbdefbfbdefbfbdefbfbdefbfbdefbfbdefbfbdefbfbdefbfbd42efbfbd5cefbfbd24efbfbd09efbfbd75efbfbdefbfbd2f53c5917317efbfbd19efbfbd66efbfbddfbadc84efbfbdefbfbd08efbfbd3aefbfbd3b29efbfbdefbfbd75efbfbdccadefbfbdefbfbd2fefbfbd00c380efbfbd7f4017efbfbd21efbfbdefbfbd43efbfbdefbfbdefbfbdefbfbd20efbfbd473629efbfbd4defbfbd54efbfbdefbfbd54efbfbdefbfbd51efbfbd5613efbfbdefbfbdefbfbd797c3901efbfbd2e41efbfbd22efbfbdefbfbdefbfbd43d2b6db88474224efbfbd6aefbfbdefbfbd5669efbfbdceb11e08efbfbdccabefbfbdefbfbdefbfbd483607df9d6609efbfbd7e2000efbfbdefbfbd56efbfbd5d7bc98a1c095171efbfbdefbfbd16efbfbdefbfbdc8ae0240247befbfbd05efbfbd17efbfbdefbfbd007224efbfbdefbfbd71efbfbdefbfbdefbfbdefbfbdefbfbdefbfbd130118efbfbdefbfbdefbfbd6e26cb8e68efbfbdefbfbdefbfbd221d0cefbfbd1c162628efbfbdefbfbd0e066876efbfbdc8882632efbfbd1906efbfbd0c00efbfbd2540efbfbdea8c91543cefbfbdefbfbd6f0800efbfbdefbfbdefbfbd6a210fefbfbd56386461efbfbd0defbfbdefbfbd6fefbfbd543cefbfbd78efbfbd3c40770920efbfbd22efbfbdefbfbd26efbfbd362b00efbfbd05344540efbfbd50efbfbd03efbfbd2d56efbfbdefbfbd24efbfbd2400efbfbd0448efbfbdefbfbd08efbfbd446c69efbfbdefbfbdefbfbd6c45efbfbdefbfbd47672b4a1eefbfbdefbfbd05706c791e55efbfbdefbfbdefbfbdefbfbd2440efbfbd04efbfbdefbfbdefbfbd08522935efbfbdefbfbd2b2cefbfbd36efbfbdefbfbd4144d1b06f76601b790eefbfbdefbfbdefbfbd156aefbfbd40efbfbd4f0060164005efbfbdefbfbd7e46efbfbddcbcd8891209efbfbd38314667efbfbdefbfbd7b2f5e1f73efbfbdefbfbdefbfbd18efbfbd1cefbfbdefbfbdefbfbdd4aa0cefbfbd3b6aefbfbdefbfbdcfbd16efbfbdefbfbdefbfbd462a1646efbfbdefbfbdefbfbdefbfbd601853efbfbdefbfbdefbfbdefbfbd79efbfbdefbfbd7a101221740d4662dfbe72efbfbdefbfbdefbfbd19efbfbdefbfbdcc89efbfbd7a2defbfbd68efbfbdefbfbdefbfbdefbfbd1defbfbdefbfbdefbfbd4a525d5befbfbd586fefbfbd4aefbfbd21efbfbd38efbfbdefbfbd77efbfbdefbfbd39efbfbd2c0b5eefbfbdefbfbd6e6eefbfbdefbfbdefbfbd37efbfbd166befbfbd6d6fefbfbd130b311defbfbd79e28f9565efbfbdefbfbdefbfbdefbfbdefbfbdefbfbd07efbfbd72efbfbd5713efbfbd180000000049454e44efbfbd4260efbfbd, 2),
('COLLAPSE', 'collapse.gif', 635, 'image/gif', NULL, 0x47494638396110001000efbfbd4a00efbfbdefbfbdefbfbdefbfbdefbfbdefbfbdefbfbdefbfbdefbfbdefbfbdefbfbdefbfbdefbfbdefbfbdefbfbdefbfbdefbfbdefbfbdefbfbdefbfbdefbfbdefbfbdefbfbdc8beefbfbdefbfbdefbfbdefbfbdefbfbdefbfbdefbfbdefbfbdefbfbdefbfbdefbfbdefbfbdefbfbdefbfbdefbfbdefbfbdefbfbdefbfbdefbfbdefbfbdefbfbdefbfbdefbfbdefbfbdefbfbdefbfbdefbfbdefbfbdefbfbdefbfbdefbfbdefbfbdefbfbdefbfbdefbfbdefbfbdefbfbdefbfbdefbfbdefbfbdefbfbdefbfbdefbfbdefbfbdefbfbdefbfbdefbfbdefbfbdefbfbdca9defbfbdefbfbdefbfbdefbfbdefbfbdefbfbdefbfbdefbfbdefbfbdefbfbdefbfbd7c7c7cefbfbdefbfbdefbfbd7b7b7befbfbdefbfbdefbfbdefbfbdefbfbdefbfbdefbfbdefbfbdefbfbdefbfbdefbfbdefbfbdefbfbdefbfbdefbfbdefbfbdefbfbde89797efbfbdefbfbdefbfbdefbfbdefbfbdefbfbdefbfbdefbfbdefbfbdd1a9efbfbdefbfbdefbfbdefbfbdefbfbdefbfbdefbfbdf2808080efbfbdefbfbdefbfbdefbfbdefbfbdefbfbdefbfbdefbfbdefbfbdefbfbdefbfbdefbfbdefbfbdefbfbdefbfbdefbfbdefbfbdefbfbdefbfbdefbfbdefbfbdefbfbdefbfbdefbfbdefbfbdefbfbdeb8282efbfbd7e7e7e757575efbfbdefbfbdefbfbdefbfbdefbfbdefbfbd777777efbfbdefbfbdefbfbd7979797d7d7defbfbdefbfbdefbfbdefbfbdefbfbdefbfbdefbfbdefbfbdefbfbdefbfbdefbfbdefbfbd787878efbfbdefbfbdefbfbdefbfbdefbfbdd0a2efbfbdefbfbdefbfbdefbfbdefbfbdefbfbdefbfbdefbfbdefbfbdefbfbdefbfbd00000000000000000000000000000000000000000000000000000000000000000000000000000000000000000000000000000000000000000000000000000000000000000000000000000000000000000000000000000000000000000000000000000000000000000000000000000000000000000000000000000000000000000000000000000000000000000000000000000000000000000000000000000021efbfbd040100004a002c00000000100010000007d8804aefbfbdefbfbdefbfbdefbfbdefbfbd45180608051a0d0315210e311502efbfbd18000111080204480a0f090e230befbfbd010c0100efbfbdefbfbdefbfbd0c334314efbfbd0405efbfbd050402efbfbd0c07041426efbfbd0d040008271c13efbfbd0306041b12efbfbd090a081706efbfbdefbfbd17070a2610efbfbd30091a2936222e2e224928271220efbfbd2a211a4625242c2c24252830421eefbfbdefbfbd05061102050502efbfbd0374efbfbd1044414504000f1c2c58efbfbd41efbfbd171d046d08efbfbd00c38554060c1c48efbfbdefbfbd0211efbfbd19167c1a302041efbfbd040332efbfbdefbfbd20efbfbd03101a125640efbfbd01efbfbd420f0f1d706053efbfbdefbfbdefbfbd0a0b356eefbfbdefbfbdefbfbd470e1f2f32185a4a2810003b, 157),
('COLOR', 'gtk-select-color.png', 571, 'image/png', NULL, 0xefbfbd504e470d0a1a0a0000000d49484452000000100000001008060000001fefbfbdefbfbd6100000006624b474400efbfbd00efbfbd00efbfbdefbfbdefbfbdefbfbdefbfbd000001efbfbd4944415478daa5efbfbdefbfbd6b136118efbfbd7fefbfbd5defbfbdefbfbd135325efbfbd1134efbfbd58efbfbd2aefbfbd142374501045efbfbd4870efbfbd4e0a22efbfbd4b27efbfbdd1a9efbfbd60efbfbd01efbfbdefbfbd415b141d04071d5aefbfbd45d1a2efbfbd5605efbfbd696c2f69efbfbd2477efbfbd3befbfbd72efbfbdcfa1efbfbd69efbfbdefbfbdefbfbd2fefbfbd7cefbfbdefbfbd7cefbfbdefbfbdefbfbd2140efbfbd1f2503efbfbdefbfbdefbfbd7defbfbdefbfbdefbfbdefbfbd7374efbfbdefbfbdefbfbd533e5633346e5fefbfbd46efbfbdd6b0efbfbdefbfbdcc9fefbfbd4f6c0800efbfbdefbfbd45005cefbfbde693a6efbfbd1eefbfbd38efbfbd43efbfbdefbfbd7cefbfbd7cefbfbd0c00efbfbdefbfbd7e27082a45efbfbd62efbfbd2eefbfbd24efbfbd1fefbfbdefbfbdefbfbd6d726eefbfbdefbfbd0d033c7753efbfbdefbfbd25efbfbd7a30efbfbd1276efbfbd20efbfbd71efbfbd4028efbfbdefbfbdefbfbd3a780eefbfbd0befbfbdefbfbd78efbfbd3defbfbdefbfbd03464b0322efbfbd484018efbfbdefbfbd7b696cefbfbd72efbfbdefbfbd5751efbfbd74efbfbd34135c0c1278efbfbd6b1aefbfbdefbfbd5910efbfbdefbfbd077aefbfbd10374747efbfbdefbfbdefbfbd5c1962727202efbfbd51efbfbd0035efbfbdefbfbd1002cfa9efbfbd2b55efbfbdefbfbd127befbfbdefbfbdefbfbd2b6b44efbfbdefbfbdefbfbd72393aefbfbd4001efbfbd71d8be4defbfbdefbfbd4cce9c1cefbfbdefbfbd7932efbfbdcf915fefbfbd72efbfbd5206efbfbdefbfbdefbfbd0812efbfbd00efbfbd343976efbfbdefbfbd55efbfbdefbfbdefbfbd6e05efbfbd73efbfbdefbfbd1a6575195734c8afefbfbd68efbfbd484befbfbd2c1fefbfbdde913ad2872704efbfbd65110eefbfbdefbfbd25efbfbd37efbfbd5fefbfbdefbfbdefbfbd775c782eefbfbdefbfbd57efbfbd67672f77463a2814efbfbdd8b6c5aaefbfbd465533285734efbfbdefbfbdefbfbd736fefbfbd09efbfbdefbfbd50efbfbd4defbfbdefbfbdefbfbd1eefbfbd383e4062efbfbd2e6838744523efbfbdefbfbd321f1616efbfbd7e5bc283d8bfefbfbd754006efbfbd55efbfbd441444efbfbdefbfbd7defbfbd7befbfbd024801efbfbd0276efbfbdefbfbd5263efbfbd5b200000000049454e44efbfbd4260efbfbd, 115),
('CONT', 'arrow_right_16.png', 662, 'image/png', NULL, 0xefbfbd504e470d0a1a0a0000000d4948445200000010000000100802000000efbfbdefbfbd68360000000467414d410000efbfbdefbfbd3705efbfbdefbfbd0000001974455874536f6674776172650041646f626520496d616765526561647971efbfbd653c000002284944415478efbfbd62efbfbd3973260329efbfbd05efbfbdefbfbdefbfbd0befbfbdefbfbdefbfbd4c0cefbfbdefbfbd7a59efbfbd555761efbfbdefbfbdefbfbdefbfbdefbfbdefbfbdefbfbde5afacefbfbdefbfbdefbfbd5eefbfbd476fefbfbd57efbfbdefbfbdefbfbdefbfbdefbfbd3f021aefbfbdefbfbd18efbfbdefbfbdefbfbd636524efbfbd7aefbfbd676cefbfbdcba2efbfbdefbfbdefbfbd5eefbfbdefbfbdefbfbdefbfbd67195eefbfbdefbfbdefbfbdefbfbd02efbfbdefbfbdefbfbdefbfbd2f36efbfbd7f5fefbfbdefbfbd5aefbfbdefbfbdefbfbd3d58efbfbdefbfbd42223377efbfbd07efbfbd3d3d39efbfbdefbfbd601aefbfbd7e156e2a31efbfbd606664efbfbdefbfbdefbfbdefbfbdefbfbd3f317e36614eefbfbd43777eefbfbdefbfbdefbfbd566d27efbfbd6d63406eefbfbdefbfbdcbaf4445efbfbd3032efbfbdefbfbd2427efbfbdefbfbd6a26efbfbdefbfbd3bcb950fefbfbd4f18efbfbd2e7cefbfbd76efbfbddba74fdfbe7eefbfbdefbfbd78efbfbdefbfbdefbfbd7b6c53efbfbdefbfbd1a19196cefbfbdefbfbd036aefbfbdefbfbdefbfbdefbfbdefbfbdefbfbdefbfbddab3efbfbdefbfbdefbfbd0fefbfbd0504efbfbd39efbfbdefbfbd38783805efbfbd39efbfbdefbfbd19efbfbdefbfbd39efbfbd65efbfbdf39fb1a3efbfbdefbfbdefbfbdefbfbd1903efbfbd3768efbfbdefbfbdefbfbdefbfbdefbfbddb97efbfbdefbfbd3eefbfbd636761efbfbdefbfbdefbfbd1f1070efbfbd303033efbfbd63efbfbdefbfbdefbfbd3befbfbd0fdfb858efbfbd58efbfbd58efbfbdefbfbd363031320a71efbfbd04efbfbd09efbfbdefbfbdefbfbdefbfbdefbfbdefbfbdefbfbdefbfbdefbfbdefbfbdefbfbd3fefbfbd2b2f7fefbfbd7befbfbdefbfbd3fefbfbdefbfbd280befbfbd6c23efbfbdefbfbdefbfbd13efbfbd2c2f1918efbfbd401a5e7eefbfbd79efbfbdefbfbdefbfbd201b310646efbfbdefbfbd7fefbfbd0befbfbd4a08efbfbdefbfbd4c79efbfbdefbfbddd8fefbfbd10efbfbd043befbfbdefbfbdefbfbd635b36efbfbd484cefbfbdefbfbdefbfbdefbfbdefbfbd5566efbfbd2e66efbfbd45efbfbd187eefbfbdefbfbd252a2a32efbfbdefbfbd414defbfbdefbfbd3e4c5257efbfbd2d267eefbfbdefbfbd4777efbfbdefbfbd78efbfbdefbfbd61efbfbd1a65efbfbd08efbfbdefbfbd7f207eefbfbdefbfbd65efbfbdc9bfefbfbd5c4cefbfbd490a07efbfbdefbfbd74493defbfbdefbfbdefbfbd2532efbfbd13675aefbfbdefbfbdefbfbd3f132befbfbdefbfbdefbfbdefbfbdefbfbd7a2fefbfbd3e7defbfbdd385455aefbfbd035fefbfbdefbfbdefbfbd627cefbfbdefbfbd7364efbfbdefbfbd1f5f6f2744efbfbd4b4b331348efbfbd427cefbfbd45efbfbd7fefbfbd71efbfbd2905010001060008efbfbdefbfbdefbfbd3f785befbfbd0000000049454e44efbfbd4260efbfbd, 22),
('COPY', 'copy.gif', 658, 'image/gif', NULL, 0x47494638396110001000efbfbd0000000000efbfbdefbfbdefbfbd3933373e383c423c40403a3e453f43433d41544e525a54585e585c5d575b5c565a635d61605a5eefbfbdefbfbdefbfbdefbfbdefbfbdefbfbd2f2c37302d3833303b35323d36333e37343f3835403a37424d4a554f4c57524f5a514e5955525d56535e5c59645b5863323731363b35353a34383d37373c36393e383d423c40453f4d524c535852525751515650575c56565b555c615b6267616d726cefbfbdefbfbdefbfbd5355505658535557525e605b5c5e5965676263656061635eefbfbdefbfbdefbfbdefbfbdefbfbdefbfbd2e2e2633332b32322a34342c37372f38383041413940403846463e4949414a4a424e4e464d4d454c4c444f4f4753534b67675f6e6e6645444044433f4b4a464a49454847434f4e4a4c4b475554505a57526966614747474646464444444343434141414040403f3f3f3e3e3e3d3d3defbfbdefbfbdefbfbd00000000000000000000000000000000000000000000000000000000000000000000000000000000000000000000000000000000000000000000000000000000000000000000000000000000000000000000000000000021efbfbd0401000062002c00000000100010000007ca803c373a353439373338363b62efbfbdefbfbd3aefbfbdefbfbd37efbfbdefbfbd37efbfbdefbfbd5758efbfbdefbfbdefbfbd0d08620f0a0b090e0a0c6210efbfbd2d2f622a2e2b2d2c292d623032efbfbd2fefbfbd2b2b30efbfbdefbfbdefbfbd30efbfbd62201b621f191a1b1d1c1eefbfbd434862474b4b4a4a4b444c4946efbfbd625554624f525351efbfbd564f515055efbfbdefbfbd62525fefbfbd5fefbfbdefbfbd52efbfbd5a59625d5b5d5e5c5e615e5fefbfbdefbfbd697440efbfbdefbfbd0303081c28efbfbdefbfbd404203efbfbd62efbfbd10736244efbfbd10224aefbfbd2051efbfbdefbfbdefbfbd4d21efbfbdefbfbd0c415264efbfbd20efbfbd2cefbfbdefbfbd70efbfbd02050c132260efbfbdefbfbd44480f1f41efbfbdefbfbd0002efbfbd48efbfbd46efbfbd00003b, 124),
('CSV', NULL, 0, NULL, NULL, '', 23),
('CUR_EURO', 'cur_euro.gif', 145, 'image/gif', NULL, 0x47494638396110001000efbfbd0000000000efbfbdefbfbdefbfbd7a7a7cefbfbdefbfbdd8a2efbfbdefbfbd37383a4445476c6d6f5253545f6061efbfbdefbfbdefbfbdefbfbdefbfbdefbfbdefbfbdefbfbdefbfbdefbfbdefbfbdefbfbdefbfbdefbfbdefbfbd00000021efbfbd040100000e002c000000001000100000043aefbfbdefbfbd49efbfbd75ca9462efbfbd7503efbfbdefbfbdefbfbd7269efbfbd302966efbfbd14efbfbd5719efbfbd4cefbfbd1b2233efbfbd3defbfbd091fefbfbdefbfbd087a45074a25615d061a5cefbfbdefbfbd79efbfbdefbfbd4f04003b, 145),
('DELIVERY', 'delivery.gif', 355, 'image/gif', NULL, 0x47494638396110001000efbfbd0000000000efbfbdefbfbdefbfbdefbfbdefbfbdefbfbdefbfbdefbfbdefbfbdefbfbdefbfbdefbfbdefbfbdefbfbdefbfbdefbfbdefbfbdefbfbdefbfbdefbfbdefbfbdefbfbdefbfbdefbfbdefbfbdefbfbdefbfbdefbfbdefbfbdefbfbdefbfbdefbfbdefbfbdefbfbdefbfbdefbfbdefbfbdefbfbdefbfbdefbfbdefbfbdefbfbdefbfbdefbfbdefbfbdefbfbdefbfbdefbfbd7878787777777676767575757474747373737272727171717070706f6f6f6e6e6e6d6d6d6c6c6c6b6b6b6a6a6a6969696060605f5f5f5e5e5e5d5d5d5c5c5c5b5b5b5959595858585757574e4e4e4949493d3d3defbfbdefbfbdefbfbd00000000000000000000000000000000000000000000000000000000000000000000000000000000000000000000000000000000000021efbfbd040100002d002c00000000100010000006efbfbdefbfbdefbfbd30efbfbd2a1aefbfbd06efbfbd453838efbfbdefbfbd052b29640d08efbfbd6c56efbfbd52efbfbd2017efbfbd66efbfbdefbfbd783eefbfbd54efbfbd0aefbfbd5c32efbfbdefbfbdefbfbdefbfbd6eefbfbd1e150b064e36d3bd0e14797b711d7f552c13efbfbd617c1c7f460defbfbd146eefbfbd1befbfbd0205080fefbfbdefbfbd70efbfbd08efbfbd22efbfbd79efbfbdefbfbd1c1c2a2c1112efbfbdefbfbdefbfbd452b2c2122232425252628efbfbd5e47efbfbd450c5e4aefbfbdefbfbdefbfbdefbfbdefbfbd41003b, 112),
('DEPOSIT', 'deposit.png', 473, 'image/png', NULL, '', 159),
('DISABLE', 'gtk-close.png', 324, 'image/png', NULL, 0xefbfbd504e470d0a1a0a0000000d49484452000000100000001008060000001fefbfbdefbfbd6100000006624b474400efbfbd00efbfbd00efbfbdefbfbdefbfbdefbfbdefbfbd000000097048597300000b1300000b130100efbfbdefbfbd180000000774494d4507efbfbd041d17272fefbfbdefbfbd3477000000efbfbd74455874436f6d6d656e7400546f6f6c6261722d73697a65642069636f6e0a3d3d3d3d3d3d3d3d3d3d3d3d0a0a2863292032303034204a616b756220276a696d6d61632720537465696e65722c200a687474703a2f2f6a696d6d61632e6d7573696368616c6c2e637a0a0a637265617465642077697468207468652047494d502c0a687474703a2f2f7777772e67696d702e6f7267efbfbdefbfbdefbfbd22000000344944415438efbfbd63601805efbfbdefbfbd7f027c386024efbfbdefbfbd110befbfbdefbfbd01efbfbd6c6424efbfbd05efbfbd5cefbfbd40efbfbd0144efbfbdefbfbdefbfbd04efbfbdefbfbdefbfbd24164601150000efbfbd060b0266efbfbdefbfbdefbfbd0000000049454e44efbfbd4260efbfbd, 106),
('DOC', 'doc.gif', 1052, 'image/gif', '', 0x47494638396110001000efbfbd0000000000efbfbdefbfbdefbfbd4b45474d4749544e50534d4f524c4e4f464b4e454a52494e50474c544b50534a4f322c30363034352f333731353b35393a34383f393d6c666a7c767a3e3844433d49423c48443e4a453f4b403d483f3c47423f4a44414c45424d514e5953505b56535e5a57625f5c675e5b665d5a65625f6a67646f66636eefbfbdefbfbdefbfbd3636383535373434363232343b3b3d37373931333236383734363533353432343340453f3f443e444943414640464b454a4f49494e48484d47555a54595e58585d57575c56565b5561666060655f5e635defbfbdefbfbdefbfbdefbfbdefbfbdefbfbdefbfbdefbfbdefbfbd3f443d3e433c444942434841484d464f544d31322d40413c444540efbfbdefbfbdefbfbdefbfbdefbfbdefbfbd3c3c343e3e363d3d353f3f3741413940403843433b52524a5959515c5c545f5f5762625aefbfbdefbfbdefbfbdefbfbdefbfbdefbfbdefbfbdefbfbdefbfbdefbfbdefbfbdefbfbdefbfbdefbfbdefbfbdefbfbdefbfbdefbfbd4d4c484c4b475554505a5955575652565551605f5b5f5e5a5c5b5737363444434141403eefbfbdefbfbdefbfbdefbfbdefbfbdefbfbdefbfbdefbfbdefbfbdefbfbdefbfbdefbfbd5656565353535151515050504d4d4d4c4c4c494949efbfbdefbfbdefbfbd00000000000021efbfbd040100007d002c00000000100010000007efbfbd4643414240413f443e457d477defbfbd7d4243efbfbdefbfbdefbfbd437d202aefbfbd242621272226252328267d29efbfbdefbfbd5c5d5f62636163605e5befbfbdefbfbd686d676e686a6b696b6c66686b6eefbfbd796defbfbdefbfbdefbfbdefbfbdc48e767c77740101750178797a787b79efbfbd0302040506020a08070c09090a0befbfbd4c4d4b494a4e383d3c37393a3b36efbfbd364d4d48efbfbdefbfbdefbfbd4defbfbd1c75efbfbdefbfbd6103efbfbd0f173264efbfbdefbfbd21efbfbd060cefbfbdefbfbd50efbfbdefbfbdefbfbdefbfbdefbfbd2a54efbfbd5cefbfbd62d18a23386fefbfbdefbfbd2923efbfbd0c192964efbfbd447902c591efbfbd182f5fca8831efbfbdefbfbd0c472f5cefbfbd680163efbfbdefbfbd193468c49851efbfbd66efbfbd0a0f2434efbfbd00efbfbdefbfbd03070e223cefbfbd40efbfbd5120003b, 6),
('EDIT', 'edit.gif', 633, 'image/gif', '', 0x47494638396110001000efbfbd0000000000efbfbdefbfbdefbfbd4f494d4d474b554f53544e52534d51524c50514b4f5a5458595357565054efbfbdefbfbdefbfbd3b38433c39443f3c47423f4a413e4944414c47444f4946515b58635a57625e5b665d5a6563606b65626defbfbdefbfbdefbfbd434842474c464b504a494e48efbfbdefbfbdefbfbdefbfbdefbfbdefbfbdefbfbdefbfbdefbfbdefbfbdefbfbdefbfbdefbfbdefbfbdefbfbd3a3a323d3d3543433b45453d4a4a4258585057574f5b5b536060585f5f5763635b62625a67675fefbfbdefbfbdefbfbdefbfbdefbfbdefbfbdefbfbdefbfbdefbfbdefbfbdefbfbdefbfbd2f2e2a3736323635313a393539383438373343423e5b5a5658575357565261605c605f5b5c5b57efbfbdefbfbdefbfbd7373736f6f6f5858585656565555555454545252525151515050504e4e4e3737373636363434343333333131312d2d2defbfbdefbfbdefbfbd00000000000000000000000000000000000000000000000000000000000000000000000000000000000000000000000000000000000000000000000000000000000000000000000000000000000000000000000000000000000000000000000000000000000000000000000000000000000000000000000000000000000000000021efbfbd0401000054002c00000000100010000007efbfbdefbfbd54efbfbdefbfbdefbfbdefbfbdefbfbdefbfbdefbfbd1b151a18161917542befbfbd31302a2e2c2d2fefbfbd32efbfbd423e413d413f3e5440efbfbdefbfbd3d3d0cefbfbd0c3defbfbd5447474d464c484a494befbfbdefbfbd484354030b0806040405020b09025407070a541e1d232424222421221cefbfbd201fefbfbd1e1e0eefbfbdefbfbd0eefbfbdefbfbdefbfbd0f0e12130f11140d54101040efbfbd262934333535efbfbd282527efbfbd3a363c3776efbfbdefbfbd4105efbfbd0e4325122a2c31efbfbd21efbfbd224eefbfbd4cefbfbdefbfbd440a142753efbfbdefbfbdefbfbd482510003b, 17),
('EDITPEN', 'editpen.gif', 567, 'image/gif', NULL, 0x47494638396110001000efbfbd0000000000efbfbdefbfbdefbfbdefbfbdefbfbdefbfbdefbfbdefbfbdefbfbdefbfbdefbfbdefbfbdefbfbdefbfbdefbfbdefbfbdefbfbdefbfbdefbfbdefbfbdefbfbdefbfbdefbfbdefbfbdefbfbdefbfbdefbfbdefbfbdefbfbdefbfbdefbfbdefbfbdefbfbdefbfbdefbfbdefbfbdefbfbdefbfbdefbfbdefbfbdefbfbdefbfbdefbfbdefbfbdefbfbdefbfbdefbfbdefbfbdefbfbdefbfbdefbfbdefbfbdefbfbdefbfbdefbfbdefbfbdefbfbdefbfbdefbfbdefbfbdefbfbdefbfbdefbfbdefbfbdefbfbdefbfbdefbfbdefbfbdefbfbdefbfbdefbfbdefbfbdefbfbdefbfbdefbfbdefbfbdefbfbdefbfbdefbfbdefbfbdefbfbdefbfbdefbfbdefbfbdefbfbdefbfbdefbfbd7c7c7c7676767575757272727171717070706f6f6f6d6d6d6b6b6b6a6a6a6868686565656262626161615e5e5e5d5d5d5c5c5c5b5b5b5a5a5a5959595858585757575454545353535252525151515050504e4e4e4d4d4d4c4c4c4b4b4b4a4a4a4949494848484747474646464545454444443f3f3f3d3d3d3b3b3b313131262626252525efbfbdefbfbdefbfbd00000000000000000000000000000000000000000000000000000000000000000000000000000000000000000000000000000000000000000000000000000000000000000000000000000000000000000000000000000000000000000000000000000000000000000000000000000000000000000000000000000000000000000000000000000000000000000000000000000000000000000000000000000021efbfbd040100004a002c00000000100010000007efbfbdefbfbd4aefbfbdefbfbdefbfbdefbfbdefbfbdefbfbd3d4710efbfbdefbfbd3e2f324806efbfbdefbfbd422c22253c44efbfbd412d25200e1b48efbfbd42efbfbd2109083125efbfbd43302622070b3722efbfbd332721080c391fefbfbd45352a21070d3b1eefbfbd46392e24070e3e1cefbfbd443d3428060f4019efbfbd3a3f382908114218efbfbd112e362a09124316efbfbd230a1714134315efbfbd043903021d4314efbfbd23492b271a05efbfbd4a0201003b, 19),
('ENABLE', 'stock_form-radio.png', 548, 'image/png', NULL, 0xefbfbd504e470d0a1a0a0000000d49484452000000100000001008060000001fefbfbdefbfbd6100000006624b474400efbfbd00efbfbd00efbfbdefbfbdefbfbdefbfbdefbfbd000001efbfbd4944415478efbfbdc593316b225114efbfbdefbfbd1defbfbd0cefbfbd6061e2a488efbfbdefbfbdefbfbd6023580816efbfbde9aca64911efbfbd64efbfbd4c7aefbfbd70efbfbd1433efbfbdefbfbdefbfbd23efbfbd6a3b41c380efbfbd202233efbfbd454607efbfbddcadefbfbd75236952efbfbd29efbfbdefbfbd7cefbfbdefbfbd3d0fefbfbdefbfbd1fefbfbd1e3dcfbb765defbfbdefbfbdefbfbdefbfbd461cefbfbd395defbfbd03efbfbd3054efbfbd54efbfbd5d2814efbfbdefbfbd0428efbfbdda8befbfbdefbfbdefbfbdefbfbdefbfbd6c364b3aefbfbd0620efbfbd22efbfbdefbfbd31efbfbd5cefbfbd57efbfbdefbfbdefbfbd7934efbfbd52efbfbdefbfbdefbfbd76653aefbfbd4a1004efbfbd5eefbfbd65efbfbdefbfbdefbfbd66efbfbdefbfbdefbfbdefbfbd0f1111711c47efbfbd52efbfbd47efbfbd3befbfbd7c3eefbfbdefbfbd542aefbfbd4eefbfbdefbfbdefbfbdefbfbdefbfbdefbfbd7aefbfbdefbfbdefbfbdefbfbd0d4f4f4f0034efbfbd4defbfbd20efbfbdefbfbd3cefbfbd1a20efbfbd03efbfbdefbfbd7b777575efbfbdefbfbd690c06033aefbfbd0eefbfbd6aefbfbd5aefbfbd4618efbfbd3c3c3c00efbfbd6aefbfbd28efbfbdcbb8efbfbd7b073cefbfbd13efbfbdefbfbdefbfbd383f3f27efbfbdefbfbd60efbfbd36efbfbd6aefbfbdefbfbdefbfbd137aefbfbd1eefbfbdefbfbd301aefbfbd787c7c0420efbfbdefbfbdefbfbdefbfbd7eefbfbd60efbfbd38efbfbd73efbfbd74efbfbd6432efbfbdefbfbdefbfbd1b1717170cefbfbd43efbfbd2020efbfbd22efbfbdefbfbd25efbfbdefbfbdefbfbd00efbfbdefbfbdefbfbd12efbfbd71efbfbd00efbfbdefbfbd7aefbfbd691aefbfbd54efbfbd62efbfbd4818efbfbd7befbfbdefbfbd79efbfbdefbfbdefbfbd512c160158efbfbd56efbfbd1e1c000cefbfbd50efbfbdefbfbdefbfbd68efbfbdefbfbd69efbfbd28efbfbd787979613c1eefbfbd4824efbfbdefbfbdefbfbd09efbfbd6c36efbfbd300cefbfbdefbfbd3cefbfbd65efbfbd4eefbfbd6defbfbd69efbfbd52efbfbdefbfbdefbfbd344defbfbd6d7b3fefbfbd2c4b7657efbfbdefbfbd03efbfbd71efbfbd2befbfbddb83efbfbd10cbb26432efbfbd48144522221245efbfbd4c2613efbfbd2cefbfbdefbfbdefbfbd7fefbfbdefbfbdefbfbd0f4b3335efbfbdd4836b520000000049454e44efbfbd4260efbfbd, 107),
('EURO', 'euro.gif', 913, 'image/gif', '', 0x47494638396110001000efbfbd00000000000101010202020303030404040505050606060707070808080909090a0a0a0b0b0b0c0c0c0d0d0d0e0e0e0f0f0f1010101111111212121313131414141515151616161717171818181919191a1a1a1b1b1b1c1c1c1d1d1d1e1e1e1f1f1f2020202121212222222323232424242525252626262727272828282929292a2a2a2b2b2b2c2c2c2d2d2d2e2e2e2f2f2f3030303131313232323333333434343535353636363737373838383939393a3a3a3b3b3b3c3c3c3d3d3d3e3e3e3f3f3f4040404141414242424343434444444545454646464747474848484949494a4a4a4b4b4b4c4c4c4d4d4d4e4e4e4f4f4f5050505151515252525353535454545555555656565757575858585959595a5a5a5b5b5b5c5c5c5d5d5d5e5e5e5f5f5f6060606161616262626363636464646565656666666767676868686969696a6a6a6b6b6b6c6c6c6d6d6d6e6e6e6f6f6f7070707171717272727373737474747575757676767777777878787979797a7a7a7b7b7b7c7c7c7d7d7d7e7e7e7f7f7fefbfbdefbfbdefbfbdefbfbdefbfbdefbfbdefbfbdefbfbdefbfbdefbfbdefbfbdefbfbdefbfbdefbfbdefbfbdefbfbdefbfbdefbfbdefbfbdefbfbdefbfbdefbfbdefbfbdefbfbdefbfbdefbfbdefbfbdefbfbdefbfbdefbfbdefbfbdefbfbdefbfbdefbfbdefbfbdefbfbdefbfbdefbfbdefbfbdefbfbdefbfbdefbfbdefbfbdefbfbdefbfbdefbfbdefbfbdefbfbdefbfbdefbfbdefbfbdefbfbdefbfbdefbfbdefbfbdefbfbdefbfbdefbfbdefbfbdefbfbdefbfbdefbfbdefbfbdefbfbdefbfbdefbfbdefbfbdefbfbdefbfbdefbfbdefbfbdefbfbdefbfbdefbfbdefbfbdefbfbdefbfbdefbfbdefbfbdefbfbdefbfbdefbfbdefbfbdefbfbdefbfbdefbfbdefbfbdefbfbdefbfbdefbfbdefbfbdefbfbdefbfbdefbfbdefbfbdefbfbdefbfbdefbfbdefbfbdefbfbdefbfbdefbfbdefbfbdefbfbdefbfbdefbfbdefbfbdefbfbdefbfbdefbfbdefbfbdefbfbdefbfbdefbfbdefbfbdefbfbdefbfbdefbfbdefbfbdefbfbdefbfbdefbfbdefbfbdefbfbdefbfbdefbfbdefbfbdefbfbdefbfbdefbfbdefbfbdefbfbdefbfbdefbfbdefbfbdefbfbdefbfbdefbfbdefbfbdefbfbdefbfbdefbfbdefbfbdefbfbdefbfbdefbfbdefbfbdefbfbdefbfbdefbfbdefbfbdefbfbdefbfbdefbfbdefbfbdefbfbdefbfbdefbfbdefbfbdefbfbdefbfbdefbfbdefbfbdefbfbdefbfbdefbfbdefbfbdefbfbdefbfbdefbfbdefbfbdefbfbdefbfbdefbfbdefbfbdefbfbdefbfbdefbfbdefbfbdefbfbdefbfbdefbfbdefbfbdefbfbdefbfbdefbfbdefbfbdefbfbdefbfbdefbfbdefbfbdefbfbdefbfbdefbfbdefbfbdefbfbdefbfbdefbfbdefbfbdefbfbdefbfbdefbfbdefbfbdefbfbdefbfbdefbfbdefbfbdefbfbdefbfbdefbfbdefbfbdefbfbdefbfbdefbfbdefbfbdefbfbdefbfbdefbfbdefbfbdefbfbdefbfbdefbfbdefbfbdefbfbdefbfbdefbfbdefbfbdefbfbdefbfbdefbfbdefbfbdefbfbdefbfbdefbfbdefbfbdefbfbdefbfbdefbfbdefbfbdefbfbdefbfbdefbfbdefbfbdefbfbdefbfbdefbfbdefbfbdefbfbdefbfbdefbfbdefbfbdefbfbdefbfbdefbfbdefbfbdefbfbdefbfbdefbfbdefbfbdefbfbdefbfbdefbfbdefbfbdefbfbdefbfbdefbfbdefbfbdefbfbdefbfbdefbfbdefbfbdefbfbdefbfbdefbfbdefbfbdefbfbdefbfbdefbfbdefbfbdefbfbdefbfbdefbfbdefbfbdefbfbdefbfbdefbfbdefbfbdefbfbdefbfbdefbfbdefbfbdefbfbdefbfbdefbfbdefbfbdefbfbdefbfbdefbfbdefbfbdefbfbdefbfbdefbfbdefbfbdefbfbdefbfbdefbfbdefbfbdefbfbdefbfbdefbfbdefbfbdefbfbdefbfbdefbfbdefbfbdefbfbdefbfbdefbfbdefbfbdefbfbdefbfbdefbfbdefbfbdefbfbdefbfbdefbfbdefbfbdefbfbdefbfbdefbfbdefbfbdefbfbdefbfbdefbfbdefbfbdefbfbdefbfbdefbfbdefbfbdefbfbdefbfbdefbfbdefbfbdefbfbdefbfbdefbfbdefbfbdefbfbdefbfbdefbfbdefbfbdefbfbdefbfbdefbfbdefbfbdefbfbdefbfbdefbfbdefbfbdefbfbdefbfbdefbfbdefbfbdefbfbdefbfbdefbfbdefbfbdefbfbdefbfbdefbfbdefbfbdefbfbdefbfbdefbfbdefbfbdefbfbdefbfbdefbfbdefbfbdefbfbdefbfbdefbfbdefbfbdefbfbd21efbfbd04000000efbfbd002c000000001000100000086e0001081c48efbfbdefbfbdefbfbdefbfbd06efbfbd295cefbfbd5021416d10efbfbdefbfbdefbfbd70efbfbdefbfbdefbfbd61101f6aefbfbdefbfbdefbfbdefbfbdefbfbdefbfbd03214a11efbfbdefbfbdefbfbd2a2463400aefbfbd65efbfbd662a015063efbfbdefbfbd25c4983409da8c3953efbfbd40413b6342efbfbd24efbfbd452d65efbfbd6e08efbfbdefbfbdefbfbdefbfbd52efbfbdefbfbd581c00efbfbdefbfbd504c5858efbfbd6ac58aefbfbdefbfbdd7830101003b, 14),
('EXPAND', 'expand.gif', 646, 'image/gif', NULL, 0x47494638396110001000efbfbd5800efbfbdefbfbdefbfbdefbfbdefbfbdefbfbdefbfbdefbfbdefbfbdefbfbdefbfbdefbfbdefbfbdefbfbdc2b8efbfbdefbfbdefbfbdefbfbdefbfbdefbfbdefbfbdefbfbdefbfbdefbfbdefbfbdefbfbdefbfbdefbfbdefbfbdefbfbdefbfbdefbfbdefbfbdefbfbdefbfbdefbfbdc3b4efbfbdefbfbdefbfbdefbfbdefbfbdefbfbdefbfbdc6b6efbfbdefbfbdefbfbdefbfbdefbfbdefbfbdefbfbdefbfbdefbfbdefbfbdefbfbdefbfbdefbfbdcab5efbfbdefbfbdefbfbdefbfbdefbfbdefbfbdefbfbdefbfbdefbfbdefbfbdce81efbfbdefbfbdefbfbdefbfbdefbfbdefbfbdefbfbdefbfbdefbfbdefbfbdefbfbdefbfbdefbfbdefbfbdefbfbdefbfbdefbfbdefbfbdefbfbdefbfbdefbfbdefbfbdefbfbdefbfbdefbfbdefbfbdefbfbdefbfbdefbfbdefbfbdefbfbdefbfbdefbfbdefbfbdefbfbdefbfbdefbfbdefbfbdefbfbdefbfbdefbfbd7c7c7cefbfbdefbfbde3a8a8efbfbdefbfbdefbfbdc8bdefbfbdefbfbdefbfbdefbfbdefbfbd7d7d7defbfbdefbfbdefbfbd7a7a7aefbfbdefbfbdc7afefbfbdefbfbdefbfbdefbfbdefbfbd787878efbfbdefbfbdefbfbdefbfbdefbfbdefbfbdefbfbdefbfbdefbfbdefbfbdefbfbdefbfbdefbfbdefbfbdefbfbdefbfbdefbfbdefbfbd7b7b7befbfbdefbfbdee9a9aefbfbdefbfbdefbfbdefbfbdefbfbdefbfbdefbfbd777777efbfbdefbfbdf2b7b7b7efbfbdefbfbdefbfbdefbfbdefbfbdefbfbdefbfbdefbfbdefbfbdefbfbdefbfbdefbfbdefbfbdefbfbdefbfbdefbfbdefbfbdefbfbdefbfbdefbfbde4a5a5efbfbdefbfbdefbfbdefbfbdefbfbdefbfbdefbfbdefbfbdefbfbdd7abefbfbdefbfbdefbfbdefbfbdefbfbdefbfbdefbfbdefbfbdefbfbdefbfbdefbfbdefbfbdefbfbde99898efbfbdefbfbdefbfbdcda2efbfbdefbfbdefbfbdefbfbdefbfbdefbfbdefbfbdefbfbd757575efbfbdefbfbdefbfbd00000000000000000000000000000000000000000000000000000000000000000000000000000000000000000000000000000000000000000000000000000000000000000000000000000000000000000000000000000000000000000000000000000000000000000000000000000000000000000021efbfbd0401000058002c00000000100010000007efbfbd58efbfbdefbfbdefbfbdefbfbdefbfbd46140c2b1e051516060a08080d1eefbfbd140401000902100d151a06080e0befbfbd0103010c0c030202000403164f23efbfbd024a01014b013218efbfbd30411c22efbfbd100204020e003b480d0b0410521fefbfbd2c150904094c0742efbfbd0f061f34efbfbd262c0543474e0707455118121b24efbfbd120a051744250738402853292e11efbfbd490b2b0320efbfbd3850efbfbd41efbfbd070a4864103402efbfbd00000b02efbfbd4051efbfbdefbfbd0a03114e08efbfbd702c11efbfbd1b171eefbfbdefbfbd1023efbfbd0c41207a3469efbfbdefbfbdefbfbdefbfbd140a0cefbfbd10efbfbd422316093cefbfbd4cefbfbdefbfbd43efbfbd083532efbfbd08efbfbd41efbfbd062a133aefbfbdefbfbd62efbfbdc58b1f57744c0061efbfbd2aefbfbd40003b, 158);
INSERT INTO `t_image` (`code`, `nom`, `taille`, `mimetype`, `description`, `img_blob`, `id`) VALUES
('EXPORT', 'export.gif', 739, 'image/gif', NULL, 0x47494638396110001000efbfbd0000000000efbfbdefbfbdefbfbd5c53585950555f565b5d545961585d60575c655c61352f333c363a4943474741454640445c565a605a5e7f797defbfbdefbfbdefbfbdefbfbdefbfbdefbfbd3a3539413c407d787cefbfbdefbfbdefbfbdefbfbdefbfbdefbfbd4c46524b45514f4955504a56544e5a524c5856505c322f3a33303b3a37424d4a554f4c5753505befbfbdefbfbdefbfbdefbfbdefbfbdefbfbdefbfbdefbfbdefbfbd3d3f3e4143424042413f4140efbfbdefbfbdefbfbdefbfbdefbfbdefbfbdefbfbdc2bb343933383d37373c363c413b44494350554f4e534d545953515650575c56efbfbdefbfbdefbfbdefbfbdefbfbdefbfbdefbfbdefbfbdefbfbd5557525d5f5a676964efbfbdefbfbdefbfbdefbfbdefbfbdefbfbd41423d46474244454043443f4a4b464d4e494f504b3a3a3247473f4b4b434e4e464d4d454c4c4451514954544c53534befbfbdefbfbdefbfbdefbfbdefbfbdefbfbdefbfbdefbfbdefbfbd43423e4b4a464e4d49efbfbdefbfbd7eefbfbdefbfbdefbfbd5f5c535c5954605d5865625defbfbdefbfbdefbfbdefbfbdefbfbdefbfbd7e7e7e4444444242424141413b3b3befbfbdefbfbdefbfbd00000000000000000000000000000000000000000000000000000000000000000000000000000000000000000000000000000000000000000000000000000000000000000000000000000000000000000021efbfbd0401000064002c00000000100010000007efbfbdefbfbd64efbfbd643f3e3c3defbfbdefbfbdefbfbd40efbfbd645d3259efbfbdefbfbdefbfbdefbfbd5d5c5aefbfbdefbfbd5befbfbd64110f07050208030605040eefbfbd643a36373835363438efbfbdefbfbd253238efbfbdefbfbdefbfbd38efbfbd2523221d1a1c181c191e1b24efbfbd514c4f4d4c50494e4a4f4e4b4aefbfbd5864575455424743444641434556643b323b642cefbfbd3247472c32efbfbd325e6261635e645f2b29282c642d2a52efbfbd69efbfbd60efbfbd020612efbfbd54efbfbd7061efbfbd050a1072cc90efbfbd0246efbfbd742e52093a270fefbfbdefbfbd41273eefbfbd0861efbfbd63efbfbd2948efbfbdefbfbd241308003b, 104),
('EYE', 'eye.gif', 513, 'image/gif', NULL, 0x47494638396110000b00efbfbd00000e0e0e303030363636222222555555efbfbdefbfbdefbfbdefbfbdefbfbdefbfbdefbfbdefbfbdefbfbd636363efbfbdefbfbdefbfbdefbfbdefbfbdefbfbdefbfbdefbfbdefbfbdefbfbdefbfbdee9d9defbfbd050505efbfbdefbfbdefbfbdefbfbdefbfbdc997efbfbdefbfbd565656efbfbdefbfbdefbfbd777777494949efbfbdefbfbdefbfbdefbfbdefbfbdefbfbd2e2e2e1d1d1d7f7f7fefbfbdefbfbdefbfbd7c7c7c3c3c3c191919efbfbdefbfbdefbfbd5454545a5a5a515151efbfbdefbfbdefbfbd4d4d4d0c0c0cefbfbdefbfbdefbfbd0f0f0f313131505050efbfbdefbfbdd39eefbfbdefbfbd7a7a7a757575efbfbdefbfbdefbfbdefbfbdefbfbdefbfbd666666efbfbdefbfbdef9b9befbfbdefbfbdefbfbdefbfbdefbfbdefbfbdefbfbdefbfbdefbfbdefbfbdefbfbdefbfbdefbfbdefbfbdefbfbdefbfbd696969efbfbdefbfbdefbfbdefbfbdefbfbdefbfbdefbfbdefbfbdefbfbdefbfbdefbfbdefbfbdefbfbdefbfbdefbfbd646464333333737373efbfbdefbfbdefbfbdefbfbdefbfbdefbfbd090909efbfbdefbfbdefbfbdefbfbdefbfbdefbfbd242424efbfbdefbfbdefbfbd3737375f5f5fefbfbdefbfbdefbfbd000000efbfbdefbfbdefbfbdefbfbdefbfbdefbfbd00000000000000000000000000000000000000000000000000000000000000000000000000000000000000000000000000000000000000000000000000000000000000000000000000000000000000000000000000000000000000000000000000000000000000000000000000000000000000000000000000000000000000000000000000000000000000000000000000000000000021efbfbd040100004d002c0000000010000b0000075eefbfbd4defbfbdefbfbdefbfbdefbfbdefbfbdefbfbdefbfbd4d49010043250206efbfbd04242a07411716293203efbfbd04144c364c0f4b221c343919efbfbd034c0c122c38284b3c1a4c3b00efbfbd180d4c083d4b4b48062b4c3f11efbfbd1d400b20332347213a0126efbfbd151e27460e023eefbfbdefbfbddb86efbfbd003b, 151),
('FILTER', 'filter.gif', 534, 'image/gif', NULL, 0x47494638396110001000efbfbd0000000000efbfbdefbfbdefbfbd3937383e393cefbfbdefbfbdefbfbdefbfbdefbfbdefbfbd514e507c797b524e51efbfbd7defbfbd342f335250535d5b5e5a585b59575a585659605e615f5d60efbfbdefbfbdefbfbdefbfbdefbfbdefbfbdefbfbdefbfbdc6beefbfbdefbfbd444448424246efbfbdefbfbdefbfbdefbfbdefbfbdefbfbd585c5a585b59575a58565957505451585c595559565357545a5e5befbfbdefbfbdefbfbdefbfbdefbfbdefbfbd585e575d635c5b615a60665f444943474c46efbfbdefbfbdefbfbd51574f50564e555b53545a525a6058636961efbfbdefbfbdefbfbd555a535c615aefbfbdefbfbd7fefbfbdefbfbdefbfbd57575060605950504d4f4f4c5555534d4c45504f485b5a535b5a5463625c66655fefbfbdefbfbdefbfbdefbfbdefbfbdefbfbdefbfbdefbfbdefbfbd3a39353b3a363d3c38efbfbdefbfbdefbfbdefbfbdefbfbdefbfbdefbfbdefbfbdefbfbdefbfbdefbfbdefbfbd413f3b5453517e7d7b7b7a78efbfbdefbfbdefbfbd353434efbfbdefbfbdefbfbdefbfbdefbfbdefbfbdefbfbdefbfbdefbfbd00000000000000000000000000000000000000000000000000000000000000000000000000000000000000000000000000000000000000000000000000000000000000000000000000000000000000000000000000000000000000000000000000000000000000000000000000000000000000000000000000000000000000000021efbfbd0401000054002c0000000010001000000773efbfbd54efbfbdefbfbdefbfbdefbfbdefbfbdefbfbdefbfbdefbfbdefbfbd35262e28272c312d303325342f32efbfbd23211c1a22201a1d1f1a1b1c1e24efbfbd14130f0e11110d1011100c0b1215efbfbd42413c3e38373f3d4043efbfbd504f394d3b3a4e4befbfbd09080607efbfbdefbfbd2b2a2936efbfbd5419161718efbfbd484c4744efbfbd4a464549efbfbd53025152efbfbd05030a04d78aefbfbd003b, 118),
('FILTERADV', 'filteradv.gif', 220, 'image/gif', NULL, 0x47494638396110001000efbfbd0000000000efbfbdefbfbdefbfbdefbfbdefbfbdefbfbdefbfbdefbfbdefbfbdefbfbdefbfbdefbfbdefbfbdefbfbdefbfbdefbfbdefbfbdefbfbdefbfbdefbfbdefbfbdefbfbdefbfbdefbfbdefbfbdefbfbdefbfbdefbfbdefbfbdefbfbdefbfbdefbfbdefbfbdefbfbdefbfbdefbfbdefbfbdefbfbdefbfbdefbfbdefbfbdefbfbdefbfbdefbfbdefbfbdefbfbdefbfbdefbfbdefbfbdefbfbdefbfbdefbfbdefbfbdefbfbdefbfbdefbfbdefbfbdefbfbdefbfbdefbfbdefbfbdefbfbdefbfbdefbfbdefbfbdefbfbd7979796e6e6e5c5c5c4e4e4e404040efbfbdefbfbdefbfbd00000000000000000021efbfbd040100001c002c00000000100010000005592027efbfbd5969efbfbd23695d6cefbfbd65efbfbdefbfbd5d5a6d6f70efbfbd31efbfbdefbfbd28efbfbdefbfbd24efbfbdefbfbd287cefbfbd02414224257e41efbfbd000243650e49efbfbdefbfbd51357132efbfbd0a6522efbfbd341630efbfbdefbfbdefbfbdcea9efbfbdefbfbdd89b6defbfbdefbfbde6a5baefbfbd6eefbfbdefbfbd65257f45efbfbdefbfbdefbfbd702221003b, 128),
('FILTERDEL', 'filterdel.gif', 206, 'image/gif', NULL, 0x47494638396110001000efbfbd0000000000efbfbdefbfbdefbfbdefbfbdefbfbdefbfbdefbfbdefbfbdefbfbdefbfbdefbfbdefbfbdefbfbdefbfbdefbfbdefbfbdefbfbdefbfbdefbfbdefbfbdefbfbdefbfbdefbfbdcca2efbfbdefbfbd7979796e6e6e5c5c5cefbfbdefbfbdefbfbd00000000000021efbfbd040100000d002c0000000010001000000449efbfbdefbfbd49efbfbdefbfbd6969efbfbdefbfbd5c08efbfbd1cefbfbdefbfbd354b201041617aefbfbd2204efbfbd762eefbfbd300befbfbdefbfbdefbfbd40efbfbd2020efbfbdefbfbdefbfbdefbfbdefbfbd62efbfbd63761a0664efbfbd04efbfbd220defbfbdefbfbd157befbfbd02efbfbd1e2fefbfbd14efbfbd1eefbfbdefbfbd722502003b, 129),
('FILTERNEW', 'filternew.gif', 534, 'image/gif', NULL, 0x47494638396110001000efbfbd0000000000efbfbdefbfbdefbfbdefbfbdefbfbdefbfbdefbfbdefbfbdefbfbdefbfbdefbfbdefbfbdefbfbdefbfbdefbfbdefbfbdefbfbdefbfbdefbfbdefbfbdefbfbdefbfbdefbfbdefbfbdefbfbdefbfbdcdbfefbfbdefbfbdefbfbdefbfbdefbfbdefbfbdefbfbdefbfbdefbfbdefbfbdefbfbdefbfbdefbfbdefbfbdefbfbdefbfbdefbfbdefbfbdefbfbdefbfbdefbfbdefbfbdefbfbdefbfbdefbfbdefbfbdefbfbdefbfbdefbfbdefbfbdefbfbdefbfbdefbfbdefbfbdefbfbdefbfbdefbfbdefbfbdefbfbdefbfbdefbfbdefbfbdefbfbdefbfbdefbfbdefbfbdefbfbd7f7f7f7979797777777676766c6c6c6868685858585656565353534f4f4f4c4c4c3a3a3a383838292929efbfbdefbfbdefbfbd00000000000000000000000000000000000000000000000000000000000000000000000000000000000000000000000000000000000000000000000000000000000000000021efbfbd0401000028002c0000000010001000000664efbfbdefbfbd70481cefbfbdefbfbdc5a4efbfbdefbfbd3a28efbfbd0766efbfbdefbfbdefbfbd4aefbfbd49efbfbd153befbfbd7c2adba353efbfbdefbfbd403e61efbfbd30efbfbd217c28efbfbd40efbfbd090f43efbfbdefbfbdefbfbd24545c3f1b120f0c06110b0d1a68521542272316222542136114420f42206947efbfbd0e1f1cefbfbd4c1f1926efbfbd4c171f1d5241003b, 130),
('FOLD', 'fold.gif', 624, 'image/gif', NULL, 0x47494638396110001000efbfbd0000000000efbfbdefbfbdefbfbd514b4fefbfbdefbfbdefbfbd524a55534b56564e59554d585c545fefbfbd7eefbfbd3d3a41403d443f3c43434047423f46413e4537353a36343938363b3c3a3f3b393e36333e423f4a413e4944414c43404b46434e4845504b48535c59645b5863605d685f5c6764616c625f6aefbfbdefbfbdefbfbdefbfbdefbfbdefbfbd3f443e434842414640474c46464b45454a444a4f49484d474f544e4e534d4d524c2d2e2830312b32332d33342e34352f3839333838303c3c343b3b334040385c5c545b5b535a5a526161596060585f5f575e5e5667675fefbfbdc4bc3736323635313a39353c3b373e3d393d3c3842413d403f3b5a595559585457565256555162615d61605c5e5d595c5b5763625eefbfbdefbfbdefbfbd7878785d5d5d5757575656565555555353535252525050504f4f4f4e4e4e4d4d4d363636343434323232313131efbfbdefbfbdefbfbd00000000000000000000000000000000000000000000000000000000000000000000000000000000000000000000000000000000000000000000000000000000000000000000000000000000000000000021efbfbd0401000064002c00000000100010000007efbfbdefbfbd64efbfbdefbfbdefbfbdefbfbd6424221d1f20211e23efbfbdefbfbd413a3d403b3f3e3c42efbfbd4c4b4c4c51524eefbfbd4f4d4e534e50544befbfbdefbfbd4b54efbfbd54575a5c575d595a64565f585b595e5b5703efbfbd0908050604070704022c2e27292e2f262d252a2b2a2c282a2e2c2aefbfbdefbfbd2cefbfbdefbfbdefbfbd301c151718191a160e0d0e0a0c0e0f0b1b3639efbfbd36373846484548494aefbfbd20efbfbd41efbfbdc8907e47efbfbd50efbfbd2061c284081024182942efbfbd224518162f56013366efbfbdefbfbd306166cc884163efbfbdefbfbd1a30efbfbd405aefbfbd726520003b, 20),
('GOFIRST', 'gofirst.gif', 231, 'image/gif', NULL, 0x47494638396110001000efbfbd0000000000efbfbdefbfbdefbfbdefbfbdefbfbdefbfbdefbfbdefbfbdefbfbdefbfbdefbfbdefbfbdefbfbdefbfbdefbfbdefbfbdefbfbdefbfbdefbfbdefbfbdefbfbdefbfbdefbfbdefbfbdefbfbdefbfbdefbfbdefbfbdefbfbdefbfbdefbfbdefbfbdefbfbdefbfbdefbfbdefbfbdefbfbdefbfbdefbfbdefbfbdefbfbdefbfbd7d7d7d3d3d3defbfbdefbfbdefbfbd00000000000000000000000000000000000000000000000000000000000000000000000000000000000021efbfbd0401000011002c000000001000100000055c6024efbfbd642942efbfbdefbfbdefbfbdefbfbd030defbfbd0311efbfbdefbfbdd083efbfbd10efbfbddc91efbfbdefbfbd41efbfbdefbfbd7eefbfbddc8258efbfbd05efbfbd3906efbfbd79443d1a53efbfbd13efbfbd7b48efbfbdefbfbded80a0043befbfbd37efbfbd63efbfbdefbfbdefbfbd6011efbfbd0e7576efbfbdefbfbd19e18cbaefbfbd21062502027e71060526efbfbd2621003b, 133),
('GOLAST', 'golast.gif', 223, 'image/gif', NULL, 0x47494638396110001000efbfbd0000000000efbfbdefbfbdefbfbd575656efbfbdefbfbdefbfbdefbfbdefbfbdefbfbdefbfbdefbfbdefbfbdefbfbdefbfbdefbfbdefbfbdefbfbdefbfbdefbfbdefbfbdefbfbdefbfbdefbfbdefbfbdefbfbdefbfbdefbfbdefbfbdefbfbdefbfbdefbfbdefbfbdefbfbdefbfbdefbfbdefbfbdefbfbdefbfbdefbfbdefbfbdefbfbdefbfbd7d7d7defbfbdefbfbdefbfbd00000000000000000000000000000000000000000000000000000000000000000000000000000000000021efbfbd0401000011002c00000000100010000005566024efbfbd64490a0251efbfbdefbfbd0aefbfbdefbfbd03476cf2aaa280efbfbd02efbfbd2fefbfbdefbfbdefbfbdefbfbdefbfbd31efbfbdefbfbd21efbfbd57efbfbd346e496213efbfbd7845efbfbdd3a7efbfbd70efbfbd35efbfbd5befbfbdefbfbdefbfbd7b15efbfbd3cefbfbd2defbfbdefbfbdefbfbd225c736c1639efbfbdefbfbd27efbfbdefbfbd70efbfbdefbfbd06036f26efbfbd1121003b, 134),
('HOLD', 'stock_zoom-shift.png', 842, 'image/png', NULL, 0xefbfbd504e470d0a1a0a0000000d49484452000000100000001008060000001fefbfbdefbfbd610000000467414d410000efbfbdefbfbd0befbfbd610500000006624b4744000000000000efbfbd43efbfbd7f000000097048597300000b1200000b1201efbfbdefbfbd7eefbfbd0000000774494d4507efbfbd01090d3439efbfbdefbfbd4aefbfbd000002efbfbd4944415478da8defbfbd5d68efbfbd7514efbfbd7fefbfbdefbfbdefbfbd69efbfbd7cefbfbd3674efbfbdefbfbdefbfbdefbfbd2f5befbfbd08730519efbfbdd0abefbfbd5d6417efbfbdc2a02eefbfbdefbfbd4251dc85efbfbdefbfbd40230e471507efbfbdefbfbdefbfbd6275efbfbd50042d58e9bc88efbfbdefbfbd462befbfbdefbfbd2c635defbfbdefbfbdefbfbd35efbfbd63efbfbd1d2e4d5cefbfbdefbfbdefbfbd3f5ec4acdd8defbfbdefbfbdefbfbd3aefbfbdefbfbd71efbfbd73efbfbdefbfbd7454efbfbdefbfbd5d6eefbfbd5befbfbd5eefbfbd040201696969110720efbfbd64efbfbdefbfbdefbfbd063c1e0fefbfbd26dbb6efbfbdefbfbdefbfbdefbfbdefbfbd3defbfbd5238efbfbdefbfbd34efbfbd085a6b4cefbfbd4444efbfbd66efbfbd4c4f4f61595611efbfbdefbfbd5c1aefbfbd5a232244efbfbd51efbfbd4e27efbfbd61303636462eefbfbdefbfbd5050efbfbdefbfbd695c2e57efbfbd535434efbfbdefbfbdefbfbdefbfbde0a0a4efbfbd690124efbfbdefbfbd1939efbfbdefbfbd7101647eefbfbdefbfbd7476764a57575769efbfbd08efbfbd5a0b205f7eefbfbdefbfbd5cefbfbd1440efbfbdefbfbdefbfbd05efbfbdefbfbdefbfbd73efbfbdefbfbdefbfbd4a0009efbfbdefbfbd12efbfbd0befbfbdefbfbd624c5eefbfbdefbfbd11676975efbfbd35007575efbfbd63184eefbfbdefbfbdefbfbdefbfbd4422c59e52efbfbd5200efbfbd6231efbfbdefbfbdefbfbdefbfbdefbfbdefbfbd2adbb7d7b005efbfbd38efbfbdefbfbd7e4646efbfbd08062b39efbfbdefbfbdefbfbd542a556c2a417411efbfbdefbfbd73efbfbd34efbfbdefbfbd12efbfbd4d1308047864efbfbd2347efbfbd63efbfbdefbfbd39efbfbd7d1cefbfbdefbfbdc7a9efbfbdefbfbd1e065b525fefbfbd283bcfa5efbfbd5fefbfbd6432efbfbd022cefbfbdefbfbdefbfbd5e3eefbfbdefbfbd3befbfbdefbfbd723a3a766fefbfbd25004defbfbdefbfbdefbfbd2defbfbdefbfbdefbfbd7d61efbfbd33efbfbdefbfbd004343430c0c0c0070636eefbfbdefbfbde6a798efbfbdefbfbdefbfbdefbfbd27595d3cefbfbd14efbfbdefbfbd7d5eefbfbd12dfa0efbfbd3944145a6befbfbdefbfbd7a1a47efbfbd15efbfbd772eefbfbdefbfbdefbfbd51efbfbd79efbfbd14efbfbd500854efbfbdefbfbdefbfbd2671efbfbd1a6defbfbdefbfbd5cefbfbdefbfbd48efbfbd1355efbfbd7cefbfbdefbfbdefbfbd195c0e03efbfbdefbfbdefbfbdefbfbd0900efbfbdefbfbdefbfbd2aefbfbd23efbfbd191f1f67efbfbdefbfbd180eefbfbdefbfbd422aefbfbd617a48efbfbdefbfbdefbfbdefbfbdefbfbdefbfbdcfbfefbfbdefbfbdefbfbd79efbfbdefbfbdefbfbdefbfbd45402412efbfbdefbfbdefbfbd1defbfbdefbfbd2f75efbfbdefbfbdefbfbd370906efbfbd184e17efbfbd0aefbfbdefbfbd710fefbfbdefbfbd120a0aefbfbdefbfbdefbfbd5556efbfbd6d78495eefbfbdefbfbd00de9aefbfbdefbfbdefbfbdefbfbdefbfbd3848efbfbdefbfbd67efbfbdefbfbd561defbfbdd0815e3cefbfbd327eefbfbdefbfbdefbfbd6e47efbfbdefbfbd3f0b54efbfbd3defbfbdefbfbdefbfbd32efbfbdefbfbdefbfbd325c4cefbfbdefbfbd2866efbfbdefbfbd666d75efbfbd0befbfbd383b6a6b686adc896defbfbd2cefbfbdefbfbdefbfbd2cefbfbdefbfbd3236efbfbd054cc9b1efbfbd76efbfbd6055250b4b29efbfbd1541efbfbd06efbfbd6a67514d51efbfbdefbfbd0000000049454e44efbfbd4260efbfbd, 110),
('INIT', 'gtk-connect.png', 445, 'image/png', NULL, 0xefbfbd504e470d0a1a0a0000000d49484452000000100000001008060000001fefbfbdefbfbd610000000467414d410000efbfbdefbfbd0befbfbd610500000006624b474400efbfbd00efbfbd00efbfbdefbfbdefbfbdefbfbdefbfbd000000097048597300000b1200000b1201efbfbdefbfbd7eefbfbd0000000774494d4507efbfbd0507090509063304efbfbd000001efbfbd4944415478dabdefbfbdefbfbd4befbfbd6114efbfbdefbfbdefbfbd5bd4b4efbfbdefbfbd6c2a1b61efbfbd4d044e2cefbfbd3aefbfbdefbfbd17efbfbd082567efbfbd0fefbfbdcfab48efbfbd42efbfbd5decae9b62efbfbd6b2defbfbdefbfbdefbfbd46efbfbd704548efbfbdefbfbdefbfbd4359efbfbd6545635fefbfbdefbfbdefbfbd0d74efbfbdefbfbd6eefbfbd7defbfbd72095defbfbd5eefbfbd03efbfbd79efbfbd7b3807efbfbdefbfbdefbfbd0504efbfbdefbfbd2fefbfbd2e40efbfbdefbfbddf91efbfbdefbfbd764762efbfbd6f5406efbfbd46efbfbdefbfbd1e03efbfbd6958efbfbdefbfbd3befbfbd2222efbfbd6251efbfbdefbfbdefbfbdefbfbd2029efbfbdefbfbdefbfbd18efbfbd0638efbfbdefbfbdefbfbd70efbfbd2eefbfbdefbfbd7f4672efbfbdefbfbd52efbfbd34efbfbdefbfbdefbfbd49efbfbdefbfbd7defbfbd52744a55efbfbdefbfbdefbfbd30efbfbd7c1e5dd7b93d76efbfbdefbfbdefbfbdefbfbdefbfbd6fefbfbd67efbfbd732f073c47efbfbd303fefbfbdefbfbd73efbfbdefbfbd1b395eefbfbdefbfbd393f747f6befbfbd5c2e27efbfbd745aefbfbdefbfbdefbfbddda5efbfbd6defbfbd5cefbfbd6defbfbdefbfbd7b57647cefbfbd45efbfbdefbfbdefbfbd2a7f30efbfbd07efbfbdefbfbd64efbfbd344d595d5defbfbd50286417efbfbdefbfbd42efbfbdefbfbd63efbfbd0e4003efbfbdefbfbdefbfbd4636efbfbd4529efbfbd520a4defbfbdefbfbd75efbfbd402040341a0540efbfbd1cd6b437efbfbd7340efbfbd12efbfbdefbfbdefbfbd4cefbfbdefbfbdefbfbd2defbfbd24efbfbdefbfbdefbfbdefbfbdefbfbd0078efbfbdefbfbdefbfbdefbfbdefbfbd3609efbfbd03efbfbdefbfbdcdb168c4be77783befbfbd17efbfbd13efbfbdefbfbd436e5cefbfbd755b04736f0c5249efbfbd5b7727efbfbdefbfbdd19f150aefbfbd53efbfbdefbfbd73002c1aefbfbdefbfbd0e6fefbfbdefbfbdefbfbdefbfbdefbfbdefbfbdefbfbdefbfbd1eefbfbdc785520a23efbfbd62efbfbdefbfbd0b1a5d077b360aefbfbd4fd399efbfbd377e5fefbfbd3defbfbd2531efbfbd52efbfbd667703efbfbdefbfbd17efbfbd222f01efbfbd02efbfbd666623efbfbdefbfbd1defbfbdefbfbde698baefbfbd27efbfbd07484e3c1aefbfbd57efbfbd5c55e59cbd56efbfbd3718efbfbd17efbfbd22efbfbd7aefbfbdefbfbdefbfbd210000000049454e44efbfbd4260efbfbd, 108),
('INSERT', 'insert.gif', 614, 'image/gif', NULL, 0x47494638396110001000efbfbd0000000000efbfbdefbfbdefbfbdefbfbdefbfbdefbfbdefbfbdefbfbdefbfbdefbfbdefbfbdefbfbdefbfbdefbfbdefbfbdefbfbdefbfbdefbfbdefbfbdefbfbdefbfbdefbfbdefbfbdefbfbdefbfbdefbfbdefbfbdefbfbdefbfbdefbfbdefbfbdefbfbdefbfbdefbfbdefbfbdefbfbdefbfbdefbfbdefbfbdefbfbdefbfbdefbfbdefbfbdefbfbdefbfbdefbfbdefbfbdefbfbdefbfbdefbfbdefbfbdefbfbdefbfbdefbfbdefbfbdefbfbdefbfbdefbfbdefbfbdefbfbdefbfbdefbfbdefbfbdefbfbdefbfbdefbfbdefbfbdefbfbdefbfbdefbfbdefbfbdefbfbdefbfbdefbfbdefbfbdefbfbdefbfbdefbfbdefbfbdefbfbdefbfbdefbfbdefbfbdefbfbdefbfbdefbfbdefbfbdefbfbdefbfbdefbfbdefbfbdefbfbdefbfbdefbfbdefbfbdefbfbdefbfbdefbfbdefbfbdefbfbdefbfbdefbfbdefbfbdefbfbdefbfbdefbfbdefbfbdefbfbdefbfbdefbfbdefbfbdefbfbdefbfbdefbfbdefbfbdefbfbdefbfbdefbfbdefbfbdefbfbdefbfbdefbfbdefbfbdefbfbdefbfbdefbfbdefbfbdefbfbdefbfbdefbfbdefbfbdefbfbdefbfbdefbfbdefbfbdefbfbdefbfbdefbfbdefbfbdefbfbdefbfbdefbfbdefbfbdefbfbdefbfbdefbfbdefbfbdefbfbdefbfbdefbfbdefbfbdefbfbdefbfbdefbfbdefbfbdefbfbdefbfbdefbfbdefbfbdefbfbdefbfbdefbfbdefbfbdefbfbdefbfbdefbfbdefbfbdefbfbdefbfbdefbfbdefbfbdefbfbdefbfbdefbfbd7979797878787676767373737171716d6d6d6b6b6b6a6a6a5d5d5d5656565151514d4d4d4a4a4a4040403030302b2b2b222222efbfbdefbfbdefbfbd00000000000000000000000000000000000000000000000000000000000000000000000000000000000000000000000000000000000000000000000000000000000000000000000000000000000000000000000000000000000000000000000000000000000000000000000000000000000000000000000000000000000000000000000000000000000000000000000000000000000000000021efbfbd040100004c002c00000000100010000007c3804c4c184b49efbfbdefbfbdefbfbd26efbfbdefbfbd4942354902efbfbd0203101f492aefbfbd17efbfbd492c05efbfbdefbfbd1e042c49efbfbd3b331a49efbfbdefbfbd05293d4348494c492befbfbd38efbfbdefbfbd060f3a47efbfbdefbfbd2b11254939074913490708081cefbfbdefbfbd0b1aefbfbdefbfbd14114908091defbfbd41efbfbd1a12efbfbd1225efbfbd0a1eefbfbd3646efbfbd3225efbfbdefbfbd1649efbfbdefbfbd151b49332eefbfbd2e2f2f3fefbfbd19efbfbd1b37efbfbd444000efbfbdefbfbd03616804efbfbd16373cefbfbd485204203e06210c61efbfbd41efbfbd060f4302efbfbd346820220909431eefbfbd2569efbfbd04efbfbdefbfbdefbfbd1f19efbfbdefbfbd444447efbfbd2462efbfbd5022efbfbd23efbfbdefbfbdefbfbd680402003b, 111),
('LEFT', 'left.gif', 152, 'image/gif', NULL, 0x47494638396110001000efbfbd0000000000efbfbdefbfbdefbfbd434242efbfbdefbfbdefbfbdefbfbdefbfbdefbfbdefbfbdefbfbdefbfbdefbfbdefbfbdefbfbdefbfbdefbfbdefbfbdefbfbdefbfbdefbfbdefbfbdefbfbdefbfbdefbfbdefbfbdefbfbd7d7d7defbfbdefbfbdefbfbd00000000000000000021efbfbd040100000c002c000000001000100000043eefbfbdefbfbd49efbfbdefbfbd425c2befbfbd181befbfbd18efbfbdefbfbd75c7a27e57efbfbdefbfbd2b5875091ccf8b62efbfbdefbfbd40efac8a6fefbfbd05efbfbd28efbfbdefbfbd322465efbfbdefbfbdefbfbd6700efbfbd0a0aefbfbd5eefbfbdefbfbdefbfbd4600003b, 126),
('LICENCE', 'valid', 143, 'image/gif', NULL, '', 162),
('LOCK', 'lock.gif', 403, 'image/gif', NULL, 0x47494638396110001000efbfbd0000000000efbfbdefbfbdefbfbd615b5defbfbd7a7cefbfbdefbfbdefbfbdefbfbdefbfbdefbfbd3f393d403a3e322f3a4f4c575c596475727defbfbdefbfbdefbfbd3c3c3e4141433f3f413e3e40353a34393e385257506b7069efbfbdefbfbdefbfbdefbfbdefbfbdefbfbdefbfbdefbfbdefbfbd4c4b494847454645434d4c4a5d5a555e5b56efbfbd7e79efbfbdefbfbdefbfbd414141404040efbfbdefbfbdefbfbd00000000000000000000000000000000000000000000000000000000000000000000000000000000000000000000000000000000000000000000000000000000000000000000000000000000000000000000000000000021efbfbd0401000022002c000000001000100000066540efbfbd70482c1a3f1e0eefbfbdefbfbd310eefbfbd1d65efbfbdefbfbd14150403026120285429efbfbdefbfbdefbfbd32efbfbd7c21625105627626140c2143efbfbdefbfbdda8defbfbdefbfbd26efbfbdefbfbd64341b164610efbfbdefbfbdefbfbd4621100f0d0e0e0d0f1020460607efbfbdefbfbdefbfbd06461211efbfbdefbfbdefbfbd12efbfbdefbfbdefbfbd460b08efbfbdefbfbdefbfbd0b777641003b, 113),
('MAIL', 'email.png', 899, 'image/png', '', 0xefbfbd504e470d0a1a0a0000000d49484452000000100000001008060000001fefbfbdefbfbd6100000006624b474400efbfbd00efbfbd00efbfbdefbfbdefbfbdefbfbdefbfbd000000097048597300000b1000000b1001efbfbd23efbfbd750000000774494d4507efbfbd0903103b205c21653e000000efbfbd4944415478efbfbddd93316aefbfbd400c455fefbfbdefbfbd16efbfbdefbfbd043eefbfbdefbfbd1a741315efbfbd2a3751efbfbd4eefbfbdefbfbd1673131fefbfbdefbfbd703befbfbdefbfbdefbfbd49efbfbd1036efbfbd386977efbfbdefbfbd20efbfbd7f0849034f7326efbfbd765d57efbfbdefbfbd687a045433efbfbd11712833efbfbd2000efbfbd6cefbfbdefbfbdefbfbdefbfbd79efbfbd5cefbfbdefbfbd7defbfbdcc9c3322efbfbd300c5fefbfbdefbfbdefbfbd07efbfbdefbfbdefbfbd6eefbfbdefbfbd79d7acefbfbd3fefbfbdc780efbfbdefbfbdefbfbd2b6fefbfbdd8bc0b00efbfbdefbfbdefbfbd0fcfa4efbfbdefbfbd3933efbfbdefbfbdefbfbd146a44efbfbd524a35efbfbd5a4a69de9765efbfbdefbfbdefbfbdefbfbd525b4d7cdd92ee8e88efbfbdefbfbd6b132022efbfbdefbfbdefbfbd5eefbfbd7f687aefbfbd3fefbfbd27efbfbdefbfbdefbfbdefbfbdefbfbdefbfbd02200000000049454e44efbfbd4260efbfbd, 12),
('NEW', 'new.gif', 643, 'image/gif', '', 0x47494638396110001000efbfbd0000000000efbfbdefbfbdefbfbdefbfbdefbfbdefbfbdefbfbdefbfbdc3a8efbfbdefbfbdefbfbdefbfbdefbfbdefbfbdefbfbdefbfbdefbfbdefbfbdefbfbd7d7d7d7979797676767272726f6f6f6161615c5c5c5a5a5a5454544f4f4f4949494747474444444242423838383535353030302e2e2e2424241b1b1b1818181717171515151414141212120f0f0f0e0e0e0d0d0d0a0a0a090909080808070707060606050505040404030303010101efbfbdefbfbdefbfbd00000000000000000000000000000000000000000000000000000000000000000000000000000000000000000000000000000000000021efbfbd040100002d002c000000001000100000066cefbfbdd6a1efbfbd28161befbfbd466befbfbd6aefbfbd1eefbfbdefbfbd34efbfbdefbfbd30efbfbdefbfbdefbfbdefbfbdefbfbd6a58efbfbd10efbfbd34efbfbd74efbfbdefbfbd01efbfbd0402793423682defbfbd75efbfbd47efbfbd2defbfbd7ddca4efbfbd1d0e52154d157fefbfbd51127d720e0707efbfbd01efbfbd2defbfbd5befbfbdefbfbdefbfbd16efbfbdefbfbdefbfbd4d18efbfbd51174d167b51efbfbd2d091816181717efbfbdefbfbd1617160c2d41003b, 3),
('NEXT', 'next.gif', 207, 'image/gif', NULL, 0x47494638396110001000efbfbd0000000000efbfbdefbfbdefbfbdefbfbdefbfbdefbfbdefbfbdefbfbdefbfbdefbfbdefbfbdefbfbdefbfbdefbfbdefbfbdefbfbdefbfbdc4bcefbfbdefbfbdefbfbdefbfbdefbfbdefbfbdefbfbdefbfbdefbfbdefbfbdefbfbdefbfbdefbfbdefbfbdefbfbdefbfbdefbfbdefbfbdefbfbdefbfbdefbfbdefbfbdefbfbdefbfbdefbfbdefbfbdefbfbdefbfbdefbfbdefbfbdefbfbdefbfbdefbfbdefbfbdefbfbdefbfbdefbfbdefbfbdefbfbdefbfbdefbfbdefbfbdefbfbdefbfbd7e7e7e6d6d6d6868686363635b5b5b5757574242423d3d3defbfbdefbfbdefbfbd00000021efbfbd040100001e002c000000001000100000054cefbfbd27efbfbdefbfbd68efbfbd6357efbfbd6c47efbfbdefbfbd2a77efbfbd05efbfbd1d6114efbfbd702cefbfbd1823efbfbd6034efbfbdefbfbdefbfbdefbfbdd3b96cefbfbdefbfbd4cefbfbdefbfbd64efbfbd3aefbfbd6aefbfbdca8aefbfbd54dda54befbfbdefbfbd0918646604efbfbd302024efbfbd5905efbfbd4e69efbfbdefbfbd5108003b, 109),
('NO', 'no.png', 255, 'image/png', NULL, 0xefbfbd504e470d0a1a0a0000000d49484452000000100000001008060000001fefbfbdefbfbd610000000774494d4507efbfbd011c0a221defbfbd355a5a000000097048597300000b1300000b130100efbfbdefbfbd180000000467414d410000efbfbdefbfbd0befbfbd6105000000efbfbd4944415478efbfbd636018efbfbdefbfbd0529efbfbd4ce88a9aefbfbdd3b129efbfbd25efbfbdefbfbdefbfbd451118efbfbdcd9c09efbfbd24efbfbdefbfbd63efbfbdefbfbd082a0906301befbfbd682eefbfbdefbfbd0210efbfbd02efbfbd3e644d58346f00efbfbd6f3071663475efbfbdefbfbdefbfbdefbfbdefbfbdefbfbd67efbfbd1d4d4c086aefbfbdefbfbd020c67efbfbdefbfbd3befbfbd5840d6841226efbfbd0cefbfbd1a60efbfbd18efbfbd1cefbfbd20435e4015efbfbdefbfbd5c38efbfbd19efbfbd1aefbfbdefbfbdefbfbd01efbfbd1042efbfbdefbfbd0defbfbd4213efbfbdefbfbd214e390000efbfbd1946efbfbd6defbfbdefbfbd2b0000000049454e44efbfbd4260efbfbd, 143),
('NOTE', 'note.gif', 387, 'image/gif', NULL, 0x47494638396110001000efbfbd0000000000efbfbdefbfbdefbfbd7676767575757474747171717070706f6f6f6d6d6d6c6c6c6a6a6a6868686767676666666464646262626161615f5f5f5e5e5e5d5d5d5b5b5b5a5a5a5959595656565555555454545353535151515050504d4d4d4949493d3d3defbfbdefbfbdefbfbd00000000000000000000000000000000000000000000000000000000000000000000000000000000000000000000000000000000000000000000000000000000000000000000000000000000000000000000000000000000000000000021efbfbd0401000020002c000000001000100000067c40efbfbd70481c7eefbfbdefbfbdefbfbd72efbfbdefbfbd603eefbfbd0cefbfbd52efbfbd4824efbfbdefbfbd67efbfbd417eefbfbdefbfbdefbfbd04efbfbdefbfbd64efbfbd494b7512efbfbd7e3aefbfbdefbfbd59efbfbdefbfbd4ada8eefbfbdefbfbd7c3840efbfbd63780d1f121f7d7e7477100e0d7eefbfbd0706057f1f59efbfbd0c7d08efbfbd0504efbfbdefbfbd0d0c0b0aefbfbdefbfbdefbfbd740f0e0cefbfbd0909efbfbd0403efbfbdefbfbd0c0a09efbfbdefbfbd0302efbfbd4cefbfbd6845efbfbdefbfbdefbfbdefbfbdefbfbd4241003b, 116),
('OK', 'ok.png', 812, 'image/png', NULL, 0xefbfbd504e470d0a1a0a0000000d49484452000000100000001008060000001fefbfbdefbfbd6100000006624b474400efbfbd00efbfbd00efbfbdefbfbdefbfbdefbfbdefbfbd000000097048597300000048000000480046efbfbd6b3e00000009767041670000001000000010005cc6adefbfbd000002304944415438efbfbd63601808efbfbd75efbfbd0fefbfbdefbfbd326ff39990ac39efbfbd311f43efbfbd2f7eefbfbdefbfbdefbfbdefbfbd15efbfbdefbfbdefbfbd4a49d29c7defbfbdefbfbdefbfbd34efbfbdefbfbd21efbfbd004f68efbfbd76efbfbd4967782cefbfbdd69c72efbfbdefbfbd2160051743efbfbd7e1e0720efbfbd286403efbfbdefbfbdefbfbdefbfbd02efbfbd4469efbfbd3fefbfbdefbfbd10efbfbdefbfbdefbfbd217227efbfbd2550efbfbd0defbfbd255ccfa3efbfbd72efbfbd44efbfbdefbfbd26efbfbd39743d3743efbfbd062eefbfbdd08defbfbdefbfbdefbfbd2befbfbdefbfbdefbfbd2defbfbdefbfbd1fefbfbdefbfbdefbfbd71efbfbd7f11c698efbfbd3c0c0cefbfbdefbfbdefbfbd40efbfbd3a7005efbfbd2e50efbfbdefbfbd6512275cefbfbdefbfbd622e06efbfbdefbfbd5c2c41efbfbdefbfbdc2835673efbfbd0f58efbfbdefbfbd1fefbfbdefbfbd20efbfbd3071efbfbd1720efbfbdefbfbdefbfbd71efbfbd703cefbfbdefbfbd13efbfbdefbfbd38efbfbd1defbfbdefbfbd59dda77030efbfbd1b303178efbfbdefbfbd053aefbfbd1d68efbfbdefbfbdefbfbdefbfbd5cefbfbdefbfbd06efbfbd0858efbfbdefbfbde8bf94efbfbd21682d17efbfbd00efb99c20efbfbdefbfbd41efbfbdefbfbd6fefbfbd6defbfbd7917efbfbdefbfbd73efbfbdefbfbd12ce86efbfbd65efbfbdefbfbdefbfbd1aefbfbdefbfbd6fefbfbdefbfbd1befbfbdefbfbdefbfbd3f50efbfbd27efbfbdefbfbd45efbfbd586004efbfbd03efbfbd491c0cefbfbdefbfbd5518efbfbdefbfbdefbfbdefbfbd24efbfbdefbfbdefbfbd7554efbfbd7fefbfbd01efbfbdefbfbd710704efbfbdefbfbd1fefbfbdefbfbdefbfbd7a44efbfbd7fefbfbd41efbfbdefbfbd414befbfbd173874efbfbdefbfbd4fefbfbdefbfbd0c28efbfbd560e06efbfbd4406efbfbd05efbfbdefbfbdd587efbfbdefbfbdefbfbdefbfbd08efbfbdefbfbd7defbfbdefbfbd7fefbfbd0defbfbdefbfbd1d577defbfbd27efbfbd573b6aefbfbdefbfbd2cefbfbd3601efbfbd6c2e1cefbfbd6d5eefbfbdefbfbdefbfbdefbfbdefbfbdefbfbd1c334b33efbfbd715fefbfbdefbfbdefbfbd77efbfbdefbfbdefbfbd7956efbfbdefbfbd7eefbfbdefbfbd7defbfbd4e1eefbfbdefbfbdefbfbd320c0605efbfbd63efbfbd11efbfbdefbfbdefbfbdefbfbd1944efbfbd67086aefbfbdcfb1efbfbd5cefbfbd25efbfbd5660efbfbd6a0a50efbfbd1defbfbdd980efbfbd05efbfbdefbfbd11593348efbfbd0fefbfbdc581581eefbfbd55185919efbfbdefbfbd1419efbfbd583819cc807c3d20efbfbd00620520efbfbd00627eefbfbdefbfbd4cc886efbfbd400541efbfbdefbfbd0562012816efbfbdefbfbd200befbfbdefbfbd6a60efbfbd6000003aefbfbdefbfbdefbfbdefbfbdefbfbd42090000002574455874646174653a63726561746500323030392d30392d31335431333a31343a35302b30323a30303505215a0000002574455874646174653a6d6f6469667900323030392d30392d31335431333a31343a35302b30323a30304458efbfbdefbfbd0000001974455874536f667477617265007777772e696e6b73636170652e6f7267efbfbdefbfbd3c1a0000000049454e44efbfbd4260efbfbd, 160),
('OLD_CLOSE', 'close.gif', 878, 'image/gif', '', 0x47494638396110001000efbfbd00000000000101010202020303030404040505050606060707070808080909090a0a0a0b0b0b0c0c0c0d0d0d0e0e0e0f0f0f1010101111111212121313131414141515151616161717171818181919191a1a1a1b1b1b1c1c1c1d1d1d1e1e1e1f1f1f2020202121212222222323232424242525252626262727272828282929292a2a2a2b2b2b2c2c2c2d2d2d2e2e2e2f2f2f3030303131313232323333333434343535353636363737373838383939393a3a3a3b3b3b3c3c3c3d3d3d3e3e3e3f3f3f4040404141414242424343434444444545454646464747474848484949494a4a4a4b4b4b4c4c4c4d4d4d4e4e4e4f4f4f5050505151515252525353535454545555555656565757575858585959595a5a5a5b5b5b5c5c5c5d5d5d5e5e5e5f5f5f6060606161616262626363636464646565656666666767676868686969696a6a6a6b6b6b6c6c6c6d6d6d6e6e6e6f6f6f7070707171717272727373737474747575757676767777777878787979797a7a7a7b7b7b7c7c7c7d7d7d7e7e7e7f7f7fefbfbdefbfbdefbfbdefbfbdefbfbdefbfbdefbfbdefbfbdefbfbdefbfbdefbfbdefbfbdefbfbdefbfbdefbfbdefbfbdefbfbdefbfbdefbfbdefbfbdefbfbdefbfbdefbfbdefbfbdefbfbdefbfbdefbfbdefbfbdefbfbdefbfbdefbfbdefbfbdefbfbdefbfbdefbfbdefbfbdefbfbdefbfbdefbfbdefbfbdefbfbdefbfbdefbfbdefbfbdefbfbdefbfbdefbfbdefbfbdefbfbdefbfbdefbfbdefbfbdefbfbdefbfbdefbfbdefbfbdefbfbdefbfbdefbfbdefbfbdefbfbdefbfbdefbfbdefbfbdefbfbdefbfbdefbfbdefbfbdefbfbdefbfbdefbfbdefbfbdefbfbdefbfbdefbfbdefbfbdefbfbdefbfbdefbfbdefbfbdefbfbdefbfbdefbfbdefbfbdefbfbdefbfbdefbfbdefbfbdefbfbdefbfbdefbfbdefbfbdefbfbdefbfbdefbfbdefbfbdefbfbdefbfbdefbfbdefbfbdefbfbdefbfbdefbfbdefbfbdefbfbdefbfbdefbfbdefbfbdefbfbdefbfbdefbfbdefbfbdefbfbdefbfbdefbfbdefbfbdefbfbdefbfbdefbfbdefbfbdefbfbdefbfbdefbfbdefbfbdefbfbdefbfbdefbfbdefbfbdefbfbdefbfbdefbfbdefbfbdefbfbdefbfbdefbfbdefbfbdefbfbdefbfbdefbfbdefbfbdefbfbdefbfbdefbfbdefbfbdefbfbdefbfbdefbfbdefbfbdefbfbdefbfbdefbfbdefbfbdefbfbdefbfbdefbfbdefbfbdefbfbdefbfbdefbfbdefbfbdefbfbdefbfbdefbfbdefbfbdefbfbdefbfbdefbfbdefbfbdefbfbdefbfbdefbfbdefbfbdefbfbdefbfbdefbfbdefbfbdefbfbdefbfbdefbfbdefbfbdefbfbdefbfbdefbfbdefbfbdefbfbdefbfbdefbfbdefbfbdefbfbdefbfbdefbfbdefbfbdefbfbdefbfbdefbfbdefbfbdefbfbdefbfbdefbfbdefbfbdefbfbdefbfbdefbfbdefbfbdefbfbdefbfbdefbfbdefbfbdefbfbdefbfbdefbfbdefbfbdefbfbdefbfbdefbfbdefbfbdefbfbdefbfbdefbfbdefbfbdefbfbdefbfbdefbfbdefbfbdefbfbdefbfbdefbfbdefbfbdefbfbdefbfbdefbfbdefbfbdefbfbdefbfbdefbfbdefbfbdefbfbdefbfbdefbfbdefbfbdefbfbdefbfbdefbfbdefbfbdefbfbdefbfbdefbfbdefbfbdefbfbdefbfbdefbfbdefbfbdefbfbdefbfbdefbfbdefbfbdefbfbdefbfbdefbfbdefbfbdefbfbdefbfbdefbfbdefbfbdefbfbdefbfbdefbfbdefbfbdefbfbdefbfbdefbfbdefbfbdefbfbdefbfbdefbfbdefbfbdefbfbdefbfbdefbfbdefbfbdefbfbdefbfbdefbfbdefbfbdefbfbdefbfbdefbfbdefbfbdefbfbdefbfbdefbfbdefbfbdefbfbdefbfbdefbfbdefbfbdefbfbdefbfbdefbfbdefbfbdefbfbdefbfbdefbfbdefbfbdefbfbdefbfbdefbfbdefbfbdefbfbdefbfbdefbfbdefbfbdefbfbdefbfbdefbfbdefbfbdefbfbdefbfbdefbfbdefbfbdefbfbdefbfbdefbfbdefbfbdefbfbdefbfbdefbfbdefbfbdefbfbdefbfbdefbfbdefbfbdefbfbdefbfbdefbfbdefbfbdefbfbdefbfbdefbfbdefbfbdefbfbdefbfbdefbfbdefbfbdefbfbdefbfbdefbfbdefbfbdefbfbdefbfbdefbfbdefbfbdefbfbdefbfbdefbfbdefbfbdefbfbdefbfbdefbfbdefbfbdefbfbdefbfbdefbfbdefbfbdefbfbdefbfbdefbfbdefbfbdefbfbdefbfbdefbfbdefbfbdefbfbdefbfbdefbfbdefbfbdefbfbdefbfbdefbfbdefbfbdefbfbdefbfbdefbfbdefbfbd21efbfbd04000000efbfbd002c000000001000100000084b0001081c48efbfbdefbfbdefbfbdefbfbd06efbfbd295cefbfbd5021416d10234aefbfbdefbfbd50efbfbdefbfbdefbfbd17290eefbfbd08efbfbd6246efbfbd1f0b4aefbfbdefbfbd712249efbfbd1837efbfbd5cc9b1efbfbdc794293f4e1cefbfbd72264defbfbdefbfbd72efbfbddc9913efbfbdcf9f070302003b, 102),
('OLD_NEW', 'new.gif', 880, 'image/gif', '', 0x47494638396110001000efbfbd00000000000101010202020303030404040505050606060707070808080909090a0a0a0b0b0b0c0c0c0d0d0d0e0e0e0f0f0f1010101111111212121313131414141515151616161717171818181919191a1a1a1b1b1b1c1c1c1d1d1d1e1e1e1f1f1f2020202121212222222323232424242525252626262727272828282929292a2a2a2b2b2b2c2c2c2d2d2d2e2e2e2f2f2f3030303131313232323333333434343535353636363737373838383939393a3a3a3b3b3b3c3c3c3d3d3d3e3e3e3f3f3f4040404141414242424343434444444545454646464747474848484949494a4a4a4b4b4b4c4c4c4d4d4d4e4e4e4f4f4f5050505151515252525353535454545555555656565757575858585959595a5a5a5b5b5b5c5c5c5d5d5d5e5e5e5f5f5f6060606161616262626363636464646565656666666767676868686969696a6a6a6b6b6b6c6c6c6d6d6d6e6e6e6f6f6f7070707171717272727373737474747575757676767777777878787979797a7a7a7b7b7b7c7c7c7d7d7d7e7e7e7f7f7fefbfbdefbfbdefbfbdefbfbdefbfbdefbfbdefbfbdefbfbdefbfbdefbfbdefbfbdefbfbdefbfbdefbfbdefbfbdefbfbdefbfbdefbfbdefbfbdefbfbdefbfbdefbfbdefbfbdefbfbdefbfbdefbfbdefbfbdefbfbdefbfbdefbfbdefbfbdefbfbdefbfbdefbfbdefbfbdefbfbdefbfbdefbfbdefbfbdefbfbdefbfbdefbfbdefbfbdefbfbdefbfbdefbfbdefbfbdefbfbdefbfbdefbfbdefbfbdefbfbdefbfbdefbfbdefbfbdefbfbdefbfbdefbfbdefbfbdefbfbdefbfbdefbfbdefbfbdefbfbdefbfbdefbfbdefbfbdefbfbdefbfbdefbfbdefbfbdefbfbdefbfbdefbfbdefbfbdefbfbdefbfbdefbfbdefbfbdefbfbdefbfbdefbfbdefbfbdefbfbdefbfbdefbfbdefbfbdefbfbdefbfbdefbfbdefbfbdefbfbdefbfbdefbfbdefbfbdefbfbdefbfbdefbfbdefbfbdefbfbdefbfbdefbfbdefbfbdefbfbdefbfbdefbfbdefbfbdefbfbdefbfbdefbfbdefbfbdefbfbdefbfbdefbfbdefbfbdefbfbdefbfbdefbfbdefbfbdefbfbdefbfbdefbfbdefbfbdefbfbdefbfbdefbfbdefbfbdefbfbdefbfbdefbfbdefbfbdefbfbdefbfbdefbfbdefbfbdefbfbdefbfbdefbfbdefbfbdefbfbdefbfbdefbfbdefbfbdefbfbdefbfbdefbfbdefbfbdefbfbdefbfbdefbfbdefbfbdefbfbdefbfbdefbfbdefbfbdefbfbdefbfbdefbfbdefbfbdefbfbdefbfbdefbfbdefbfbdefbfbdefbfbdefbfbdefbfbdefbfbdefbfbdefbfbdefbfbdefbfbdefbfbdefbfbdefbfbdefbfbdefbfbdefbfbdefbfbdefbfbdefbfbdefbfbdefbfbdefbfbdefbfbdefbfbdefbfbdefbfbdefbfbdefbfbdefbfbdefbfbdefbfbdefbfbdefbfbdefbfbdefbfbdefbfbdefbfbdefbfbdefbfbdefbfbdefbfbdefbfbdefbfbdefbfbdefbfbdefbfbdefbfbdefbfbdefbfbdefbfbdefbfbdefbfbdefbfbdefbfbdefbfbdefbfbdefbfbdefbfbdefbfbdefbfbdefbfbdefbfbdefbfbdefbfbdefbfbdefbfbdefbfbdefbfbdefbfbdefbfbdefbfbdefbfbdefbfbdefbfbdefbfbdefbfbdefbfbdefbfbdefbfbdefbfbdefbfbdefbfbdefbfbdefbfbdefbfbdefbfbdefbfbdefbfbdefbfbdefbfbdefbfbdefbfbdefbfbdefbfbdefbfbdefbfbdefbfbdefbfbdefbfbdefbfbdefbfbdefbfbdefbfbdefbfbdefbfbdefbfbdefbfbdefbfbdefbfbdefbfbdefbfbdefbfbdefbfbdefbfbdefbfbdefbfbdefbfbdefbfbdefbfbdefbfbdefbfbdefbfbdefbfbdefbfbdefbfbdefbfbdefbfbdefbfbdefbfbdefbfbdefbfbdefbfbdefbfbdefbfbdefbfbdefbfbdefbfbdefbfbdefbfbdefbfbdefbfbdefbfbdefbfbdefbfbdefbfbdefbfbdefbfbdefbfbdefbfbdefbfbdefbfbdefbfbdefbfbdefbfbdefbfbdefbfbdefbfbdefbfbdefbfbdefbfbdefbfbdefbfbdefbfbdefbfbdefbfbdefbfbdefbfbdefbfbdefbfbdefbfbdefbfbdefbfbdefbfbdefbfbdefbfbdefbfbdefbfbdefbfbdefbfbdefbfbdefbfbdefbfbdefbfbdefbfbdefbfbdefbfbdefbfbdefbfbdefbfbdefbfbdefbfbdefbfbdefbfbdefbfbdefbfbdefbfbdefbfbdefbfbdefbfbdefbfbdefbfbdefbfbdefbfbdefbfbdefbfbdefbfbdefbfbdefbfbdefbfbdefbfbdefbfbdefbfbdefbfbdefbfbdefbfbdefbfbdefbfbdefbfbdefbfbdefbfbdefbfbdefbfbd21efbfbd04000000efbfbd002c000000001000100000084d0001081c48efbfbdefbfbdefbfbdefbfbd06efbfbd295cefbfbd5021416d10234aefbfbdefbfbd50efbfbd40efbfbd172d0eefbfbd0840efbfbd47efbfbd1923efbfbdefbfbd18d2a0c88d2451efbfbdec8891efbfbdc98c1763efbfbdefbfbd3812efbfbdca892d05efbfbdefbfbdc9b3efbfbd4eefbfbd40efbfbd1e0c08003b, 103),
('PARAM', 'param.gif', 636, 'image/gif', '', 0x47494638396110001000efbfbd0000000000efbfbdefbfbdefbfbd4b4549504a4e4f494d554f53544e52534d51524c50676165efbfbdefbfbdefbfbdefbfbdefbfbdefbfbdefbfbdefbfbdefbfbd403d48413e4944414c43404b4845505956615c59645b5863efbfbdefbfbdefbfbdefbfbdefbfbdefbfbdefbfbdefbfbdc7b6efbfbdefbfbd6062613f443e434842474c46494e48535852595e586469636e736d7a7f797cefbfbd7befbfbdefbfbdefbfbdefbfbdefbfbdefbfbdefbfbdefbfbdefbfbdefbfbdefbfbdefbfbdefbfbdefbfbdefbfbd3d3d353f3f3741413944443c4d4d455c5c545f5f57efbfbdefbfbd79efbfbdefbfbd78efbfbdefbfbdefbfbdefbfbdefbfbdefbfbdefbfbdefbfbdefbfbdefbfbdefbfbdefbfbd3a39353938343d3c3843423e4f4e4a54534f5e5d59666561efbfbdefbfbdefbfbdefbfbdefbfbdefbfbdefbfbdefbfbdefbfbdefbfbdefbfbdefbfbdefbfbdefbfbdefbfbdefbfbdefbfbdefbfbd5555555454544f4f4f4e4e4e4d4d4d3c3c3c353535333333efbfbdefbfbdefbfbd00000000000000000000000000000000000000000000000000000000000000000000000000000000000000000000000000000000000000000000000000000000000000000000000000000000000000000000000000000000000000000000000000000000000000000000000000000000000000000000000000000000000000000000000000000000000000000000000000000000000000000021efbfbd040100004c002c00000000100010000007efbfbdefbfbd4cefbfbd23202226efbfbdefbfbdefbfbdefbfbd4020efbfbd40efbfbdefbfbd4c1712131416efbfbd3035efbfbd342e2f31efbfbd3d3b3fefbfbd403a3b3cefbfbd48484040473befbfbdefbfbd42efbfbd44464447474541efbfbd0a08060405030507030befbfbd24211e1f1b1a1d1c1a25efbfbdefbfbd411a1aefbfbd1aefbfbdefbfbd4c1810110d0e0f15efbfbd4c332b2a2c292d32efbfbd3e363836393728efbfbd402a1a271a02efbfbd4c434a494b19efbfbdefbfbd3010efbfbdefbfbd4920003b, 7),
('PICK', 'pick.gif', 589, 'image/gif', NULL, 0x47494638396110001000efbfbd0000000000efbfbdefbfbdefbfbd3a3839545253585657575556efbfbdefbfbdefbfbdefbfbdefbfbdefbfbdefbfbdefbfbdefbfbd3537363436353c3e3d5355545254535052514d4f4e5a5c5b595b5a575958565857efbfbdefbfbdefbfbdefbfbdefbfbdefbfbd3232304c4c4a7c7c7aefbfbdefbfbdefbfbdefbfbdefbfbdefbfbdefbfbdefbfbdefbfbdefbfbdefbfbdefbfbd43424041403e5f5e5c5d5c5a5c5b595b5a58575654efbfbdefbfbdefbfbdefbfbdefbfbdefbfbdefbfbdefbfbdefbfbdefbfbdefbfbdefbfbdefbfbdefbfbdefbfbdefbfbdefbfbdefbfbdefbfbdefbfbdefbfbd5d5d5d4a4a4a484848efbfbdefbfbdefbfbd00000000000000000000000000000000000000000000000000000000000000000000000000000000000000000000000000000021efbfbd040100002e002c000000001000100000065840efbfbd704874efbfbd56efbfbdefbfbdefbfbd4509efbfbd284befbfbd474402efbfbd42efbfbdefbfbdefbfbd01efbfbd442450efbfbd401818efbfbdefbfbd02efbfbdefbfbdefbfbd521cefbfbd07efbfbdd188722eefbfbdefbfbd06efbfbd6a05582a68140aefbfbd615a1d1d1e2568420b0b15efbfbd4202efbfbd42efbfbdefbfbd6809efbfbdefbfbd191618efbfbd41003b, 105),
('PRINT', 'print.gif', 636, 'image/gif', '', 0x47494638396110001000efbfbd0000000000efbfbdefbfbdefbfbd342e323a34383c363a4c464a504a4e4e484c4d474b524c50514b4f706a6e403d48423f4a413e4943404b46434e5855605c59645b58635f5c674247414146404b504a4a4f49484d475459535f645e5b605aefbfbdefbfbdefbfbd3838303a3a323c3c343e3e363f3f3742423a41413940403857574f5d5d555a5a525e5e5635343034332f3f3e3a403f3b555450595854585753efbfbdefbfbdefbfbd5151515050504f4f4f4e4e4e4d4d4d353535343434efbfbdefbfbdefbfbd00000000000000000000000000000000000021efbfbd0401000039002c00000000100010000006efbfbdefbfbdefbfbd30efbfbdefbfbd68381ccda6336cefbfbd36126834efbfbd1c4a26efbfbd48efbfbd32efbfbd54efbfbd2913efbfbd7442efbfbd52df9c0befbfbd72efbfbd5e30577a3eefbfbdefbfbd72efbfbdefbfbd6c46efbfbdefbfbdefbfbd32393631050a39060908090707efbfbd09efbfbdefbfbd181539161519efbfbdefbfbdefbfbd163915171518317431efbfbd0e0e100cefbfbd0d0f0f0defbfbdefbfbd0d0d22241e24211f252020251f21231e23252c2b2d742d2a2c312d2b392befbfbdefbfbdefbfbd392a2defbfbd4338374d3738690b0402030302040b4d41003b, 18),
('PROC', 'proc.gif', 968, 'image/gif', '', 0x47494638396110001000efbfbd00000000000101010202020303030404040505050606060707070808080909090a0a0a0b0b0b0c0c0c0d0d0d0e0e0e0f0f0f1010101111111212121313131414141515151616161717171818181919191a1a1a1b1b1b1c1c1c1d1d1d1e1e1e1f1f1f2020202121212222222323232424242525252626262727272828282929292a2a2a2b2b2b2c2c2c2d2d2d2e2e2e2f2f2f3030303131313232323333333434343535353636363737373838383939393a3a3a3b3b3b3c3c3c3d3d3d3e3e3e3f3f3f4040404141414242424343434444444545454646464747474848484949494a4a4a4b4b4b4c4c4c4d4d4d4e4e4e4f4f4f5050505151515252525353535454545555555656565757575858585959595a5a5a5b5b5b5c5c5c5d5d5d5e5e5e5f5f5f6060606161616262626363636464646565656666666767676868686969696a6a6a6b6b6b6c6c6c6d6d6d6e6e6e6f6f6f7070707171717272727373737474747575757676767777777878787979797a7a7a7b7b7b7c7c7c7d7d7d7e7e7e7f7f7fefbfbdefbfbdefbfbdefbfbdefbfbdefbfbdefbfbdefbfbdefbfbdefbfbdefbfbdefbfbdefbfbdefbfbdefbfbdefbfbdefbfbdefbfbdefbfbdefbfbdefbfbdefbfbdefbfbdefbfbdefbfbdefbfbdefbfbdefbfbdefbfbdefbfbdefbfbdefbfbdefbfbdefbfbdefbfbdefbfbdefbfbdefbfbdefbfbdefbfbdefbfbdefbfbdefbfbdefbfbdefbfbdefbfbdefbfbdefbfbdefbfbdefbfbdefbfbdefbfbdefbfbdefbfbdefbfbdefbfbdefbfbdefbfbdefbfbdefbfbdefbfbdefbfbdefbfbdefbfbdefbfbdefbfbdefbfbdefbfbdefbfbdefbfbdefbfbdefbfbdefbfbdefbfbdefbfbdefbfbdefbfbdefbfbdefbfbdefbfbdefbfbdefbfbdefbfbdefbfbdefbfbdefbfbdefbfbdefbfbdefbfbdefbfbdefbfbdefbfbdefbfbdefbfbdefbfbdefbfbdefbfbdefbfbdefbfbdefbfbdefbfbdefbfbdefbfbdefbfbdefbfbdefbfbdefbfbdefbfbdefbfbdefbfbdefbfbdefbfbdefbfbdefbfbdefbfbdefbfbdefbfbdefbfbdefbfbdefbfbdefbfbdefbfbdefbfbdefbfbdefbfbdefbfbdefbfbdefbfbdefbfbdefbfbdefbfbdefbfbdefbfbdefbfbdefbfbdefbfbdefbfbdefbfbdefbfbdefbfbdefbfbdefbfbdefbfbdefbfbdefbfbdefbfbdefbfbdefbfbdefbfbdefbfbdefbfbdefbfbdefbfbdefbfbdefbfbdefbfbdefbfbdefbfbdefbfbdefbfbdefbfbdefbfbdefbfbdefbfbdefbfbdefbfbdefbfbdefbfbdefbfbdefbfbdefbfbdefbfbdefbfbdefbfbdefbfbdefbfbdefbfbdefbfbdefbfbdefbfbdefbfbdefbfbdefbfbdefbfbdefbfbdefbfbdefbfbdefbfbdefbfbdefbfbdefbfbdefbfbdefbfbdefbfbdefbfbdefbfbdefbfbdefbfbdefbfbdefbfbdefbfbdefbfbdefbfbdefbfbdefbfbdefbfbdefbfbdefbfbdefbfbdefbfbdefbfbdefbfbdefbfbdefbfbdefbfbdefbfbdefbfbdefbfbdefbfbdefbfbdefbfbdefbfbdefbfbdefbfbdefbfbdefbfbdefbfbdefbfbdefbfbdefbfbdefbfbdefbfbdefbfbdefbfbdefbfbdefbfbdefbfbdefbfbdefbfbdefbfbdefbfbdefbfbdefbfbdefbfbdefbfbdefbfbdefbfbdefbfbdefbfbdefbfbdefbfbdefbfbdefbfbdefbfbdefbfbdefbfbdefbfbdefbfbdefbfbdefbfbdefbfbdefbfbdefbfbdefbfbdefbfbdefbfbdefbfbdefbfbdefbfbdefbfbdefbfbdefbfbdefbfbdefbfbdefbfbdefbfbdefbfbdefbfbdefbfbdefbfbdefbfbdefbfbdefbfbdefbfbdefbfbdefbfbdefbfbdefbfbdefbfbdefbfbdefbfbdefbfbdefbfbdefbfbdefbfbdefbfbdefbfbdefbfbdefbfbdefbfbdefbfbdefbfbdefbfbdefbfbdefbfbdefbfbdefbfbdefbfbdefbfbdefbfbdefbfbdefbfbdefbfbdefbfbdefbfbdefbfbdefbfbdefbfbdefbfbdefbfbdefbfbdefbfbdefbfbdefbfbdefbfbdefbfbdefbfbdefbfbdefbfbdefbfbdefbfbdefbfbdefbfbdefbfbdefbfbdefbfbdefbfbdefbfbdefbfbdefbfbdefbfbdefbfbdefbfbdefbfbdefbfbdefbfbdefbfbdefbfbdefbfbdefbfbdefbfbdefbfbdefbfbdefbfbdefbfbdefbfbdefbfbdefbfbdefbfbdefbfbdefbfbdefbfbdefbfbdefbfbdefbfbdefbfbdefbfbdefbfbdefbfbdefbfbdefbfbdefbfbdefbfbdefbfbdefbfbdefbfbdefbfbdefbfbdefbfbdefbfbdefbfbdefbfbdefbfbdefbfbd21efbfbd04000000efbfbd002c00000000100010000008efbfbd0001081cefbfbdefbfbdefbfbdefbfbdefbfbd0801efbfbdefbfbdefbfbdefbfbd54efbfbdefbfbd08efbfbdefbfbdc9b2efbfbdefbfbd2b0f10052adba8264befbfbd62efbfbd46406cefbfbd6aefbfbdefbfbd3450201defbfbdefbfbdefbfbdefbfbd3fefbfbd26efbfbd3c4943d0a04befbfbd30efbfbd602123efbfbd0c2b77efbfbd0040efbfbdefbfbdefbfbd4d1f4b02efbfbd1162efbfbdefbfbd1defbfbd031a6eefbfbdefbfbdefbfbd1440efbfbdefbfbdefbfbdefbfbdefbfbd6802402a55efbfbdefbfbdefbfbd6defbfbdefbfbd244defbfbdefbfbd2eefbfbd56efbfbd69efbfbdefbfbd255968efbfbdefbfbd397507efbfbdefbfbd3defbfbdefbfbd0a3cd7a6efbfbd4014efbfbd5c0a52efbfbd09efbfbdefbfbdefbfbd28efbfbd155aefbfbd2563efbfbdefbfbd100302003b, 9),
('RECEIPT', 'gtk-paste.png', 563, 'image/png', NULL, 0xefbfbd504e470d0a1a0a0000000d49484452000000100000001008060000001fefbfbdefbfbd610000000467414d410000efbfbdefbfbd0befbfbd610500000006624b474400efbfbd00efbfbd00efbfbdefbfbdefbfbdefbfbdefbfbd000000097048597300000b1100000b11017f645fefbfbd0000000774494d4507efbfbd0206132e220cefbfbd4eefbfbd000001efbfbd4944415478da95efbfbdefbfbd4b5b5114efbfbd3f2f3eefbfbd0aefbfbd40415e4c5347211032efbfbd3fefbfbdefbfbd0f1d2c66efbfbdefbfbdefbfbd062948efbfbd76320defbfbd4b3143efbfbd6e0eefbfbd241012efbfbd31efbfbd43efbfbd42efbfbd0409160a55341a1eefbfbd04efbfbd362f3f24efbfbdefbfbd7defbfbd515fefbfbdefbfbdefbfbd33efbfbd7befbfbd397cefbfbdefbfbdefbfbd2befbfbdefbfbd0b70034f19efbfbd6540efbfbd462aefbfbd12efbfbd5249efbfbd6231efbfbdefbfbdde9fefbfbd1d49efbfbdefbfbdefbfbd3eefbfbdefbfbdefbfbdefbfbdefbfbd1aefbfbdefbfbd4cefbfbdefbfbdefbfbd054e4fcfa95916efbfbd71efbfbdefbfbdefbfbd2befbfbdefbfbd3fefbfbdefbfbdefbfbd256f373eefbfbd7500efbfbd004defbfbdefbfbd2fefbfbdefbfbd497c2411efbfbd201cefbfbd01efbfbdefbfbdefbfbdefbfbdefbfbdefbfbdefbfbde688adefbfbd53efbfbdefbfbd3eefbfbdefbfbd0124efbfbd0befbfbdd7ab2f4926efbfbd13efbfbdefbfbd637c7cefbfbd5aefbfbdefbfbdefbfbd3c616e36efbfbd3aefbfbdefbfbdefbfbd6103091015efbfbdefbfbdefbfbdefbfbd3d00545fefbfbdcdad24efbfbd5cefbfbd21efbfbd2203efbfbdefbfbd6d00efbfbd7eefbfbd0020efbfbd2b20efbfbd18582d49525aefbfbd5defbfbd4fefbfbd507defbfbd4eefbfbdefbfbdefbfbd314d13efbfbdc783efbfbd696432192cefbfbd22140a110804efbfbd1edcbf4eefbfbdefbfbdefbfbdefbfbd697d79341a7536efbfbd6eefbfbd3f02efbfbdefbfbd4befbfbd5cefbfbd344d745defbfbd6f605fefbfbdefbfbdefbfbd021cefbfbdefbfbdefbfbdefbfbd7620efbfbdd7946fc29100efbfbdefbfbdefbfbdefbfbdefbfbdefbfbd7b303a3a3614efbfbdefbfbd0f32efbfbd5defbfbdefbfbd10efbfbdefbfbd582c62180600efbfbdefbfbd775e41511422efbfbd4877efbfbdefbfbdefbfbdd6a9efbfbd2758efbfbd3aefbfbd7aefbfbdefbfbdefbfbd4fefbfbdce81efbfbd6f7c442cefbfbd06efbfbd0befbfbd2e19efbfbdefbfbd330000000049454e44efbfbd4260efbfbd, 122),
('RIGHT', 'right.gif', 332, 'image/gif', NULL, 0x47494638396110001000efbfbd0000000000efbfbdefbfbdefbfbdefbfbdefbfbdefbfbdefbfbdefbfbdefbfbdefbfbdefbfbdefbfbdefbfbdefbfbdefbfbdefbfbdefbfbdefbfbdefbfbdefbfbdefbfbdefbfbdefbfbdefbfbdefbfbdefbfbdefbfbd7d7d7d3d3d3defbfbdefbfbdefbfbd00000000000000000021efbfbd040100000c002c000000001000100000043cefbfbdefbfbd49efbfbd5defbfbd6aefbfbd54efbfbd12efbfbd141eefbfbd29efbfbd516e1defbfbd1cefbfbdefbfbd484cefbfbd7362efbfbdefbfbd522f02efbfbd0b06efbfbdefbfbd544523efbfbdefbfbdefbfbd083aefbfbd0d0113343106efbfbdefbfbd751b01003b, 127),
('SEARCH', 'Search.gif', 874, 'image/gif', '', 0x47494638396110001000efbfbd0000000000efbfbdefbfbdefbfbd403a3e504a4e534d51efbfbdefbfbdefbfbdefbfbdefbfbdefbfbdefbfbdefbfbdefbfbdefbfbdefbfbdefbfbdefbfbdefbfbdefbfbdefbfbdefbfbdefbfbd45424d4946514b48535d5a6564616c63606b696671716e797d7aefbfbdefbfbdefbfbdefbfbdefbfbdefbfbdefbfbdefbfbdefbfbdefbfbdefbfbdefbfbdefbfbdefbfbdefbfbdefbfbdefbfbdefbfbdefbfbdefbfbdefbfbdefbfbdefbfbdefbfbdefbfbdefbfbdefbfbdefbfbdefbfbdefbfbdefbfbd4a4f49525751595e585f645e797e787eefbfbd7defbfbdefbfbdefbfbdefbfbdefbfbdefbfbdefbfbdefbfbdefbfbdefbfbdefbfbdefbfbdefbfbdefbfbdefbfbdefbfbdefbfbdefbfbdefbfbdefbfbdefbfbdefbfbdefbfbdefbfbdefbfbdefbfbdefbfbdefbfbdefbfbdefbfbd3c3c3442423a56564e5e5e56efbfbdefbfbdefbfbdefbfbdefbfbdefbfbdefbfbdefbfbdefbfbdefbfbdefbfbdefbfbdefbfbdefbfbdefbfbd353430383733403f3b52514d5b5a567a7975efbfbdefbfbdefbfbdefbfbdefbfbdefbfbdefbfbdefbfbdefbfbdefbfbdefbfbdefbfbdefbfbdefbfbdefbfbdefbfbdefbfbdd6afefbfbdefbfbd7474747171714d4d4d4c4c4c353535343434efbfbdefbfbdefbfbd00000000000000000000000000000000000000000000000000000000000000000000000000000000000000000000000000000000000000000000000000000000000000000000000000000000000000000000000000000000000000000000000000000000000000000000000000000000000000000000000000000000000000000000000000000000000000000000000000000000000000000000000000000021efbfbd040100004a002c00000000100010000007efbfbdefbfbd4a4a2925232122262aefbfbdefbfbdefbfbd293eefbfbd21efbfbd211defbfbdefbfbd1c120f181b4a1c190e13efbfbdefbfbd343132efbfbd353033efbfbd213a3fefbfbd403b3cefbfbd21efbfbdefbfbdefbfbdefbfbd454642efbfbd414744efbfbd060407efbfbd050308efbfbd2c201f282d4a2b271e2124efbfbd3eefbfbd2120efbfbd1eefbfbd36efbfbd1a15110d1014170c4a0b16efbfbdefbfbd362f2e2f35efbfbd3d3837393eefbfbd3649efbfbdefbfbdefbfbdefbfbd43484948efbfbd2d4a20404120003b, 4),
('SORTASC', 'stock_sort-ascending.png', 294, 'image/png', NULL, 0xefbfbd504e470d0a1a0a0000000d49484452000000100000001008060000001fefbfbdefbfbd6100000006624b474400efbfbd00efbfbd00efbfbdefbfbdefbfbdefbfbdefbfbd000000efbfbd4944415478dab5efbfbd310aefbfbd401045efbfbd064fefbfbd052417efbfbd00efbfbd17d8a45348efbfbdefbfbd4a48efbfbd44efbfbd0eefbfbdefbfbd10efbfbdefbfbd13086a136c2d6cefbfbdefbfbd0e6befbfbdefbfbd185913227e58efbfbd19efbfbdefbfbd7fefbfbdefbfbdefbfbdefbfbd6e0fefbfbdefbfbd423f5b470b6aefbfbdca9befbfbd7524efbfbdefbfbd34efbfbd12efbfbd3cefbfbdefbfbdefbfbdefbfbd01efbfbd3c28286836efbfbdefbfbd46efbfbdefbfbdefbfbd5a4aefbfbd2f0c52efbfbdefbfbd264a24efbfbd4eefbfbd4cefbfbdefbfbdefbfbd3ad2856e66efbfbd5b02301e4c00efbfbdefbfbd4945efbfbd19efbfbd4eefbfbd7e16efbfbdefbfbd03efbfbd6fefbfbdefbfbd69efbfbdefbfbd670153efbfbdefbfbdefbfbd006c0e29efbfbd6d64522cefbfbd50efbfbdefbfbd17efbfbd43efbfbdefbfbdefbfbd537eefbfbd29efbfbd07efbfbdefbfbd07c59f2873efbfbdefbfbdefbfbdefbfbdefbfbdefbfbd0130efbfbdcca3efbfbd41efbfbdefbfbd68efbfbd191f703c4bdead68efbfbdefbfbd0000000049454e44efbfbd4260efbfbd, 131),
('SORTASCNE', 'stock_sort-ascending.png', 331, 'image/png', NULL, 0xefbfbd504e470d0a1a0a0000000d49484452000000100000001008060000001fefbfbdefbfbd610000000774494d4507efbfbd01180e0d0d5befbfbd4defbfbd000000097048597300001eefbfbd00001eefbfbd01efbfbd6954530000000467414d410000efbfbdefbfbd0befbfbd6105000000efbfbd4944415478efbfbd63efbfbdefbfbd2c16efbfbdefbfbdefbfbdefbfbdefbfbd0101efbfbd1fefbfbd5cefbfbd402460efbfbd69066a62045253efbfbd0c230858600cefbfbd2befbfbdefbfbd49d188efbfbd02063417efbfbd67000e40efbfbd55efbfbdefbfbdefbfbdefbfbdefbfbd72efbfbd5d40efbfbd25efbfbd0664efbfbd73296eefbfbdefbfbd5e00efbfbdefbfbd10efbfbd05efbfbdefbfbdefbfbdefbfbdefbfbdefbfbdefbfbdefbfbd397458efbfbdefbfbd19efbfbdefbfbd4d033603efbfbdefbfbd45efbfbdefbfbdefbfbd18c990efbfbdefbfbd18000aefbfbdefbfbdefbfbd7fefbfbdefbfbd24562d00efbfbdefbfbdefbfbd49efbfbd60efbfbd313a0619300d64c8abefbfbd0f7055efbfbd1e5c0c02efbfbd3cefbfbd0213efbfbd7befbfbdefbfbd5e64e7809defbfbdefbfbdce89efbfbd1d7467efbfbd40efbfbd7b605eefbfbd4521efbfbdefbfbdefbfbdefbfbd6cefbfbdefbfbd430f1017435d500276123425efbfbd4befbfbdefbfbd6900431d002befbfbdeeab92efbfbdefbfbdefbfbd0000000049454e44efbfbd4260efbfbd, 137),
('SORTDESC', 'stock_sort-descending.png', 286, 'image/png', NULL, 0xefbfbd504e470d0a1a0a0000000d49484452000000100000001008060000001fefbfbdefbfbd6100000006624b474400efbfbd00efbfbd00efbfbdefbfbdefbfbdefbfbdefbfbd000000efbfbd4944415478dabdefbfbd310aefbfbd401045df8a47efbfbdefbfbd4378110fefbfbdefbfbd02efbfbdefbfbd56565642ecb282efbfbd042cefbfbdefbfbd293cefbfbdefbfbd36626b6113efbfbdefbfbd616d26efbfbd5174efbfbdefbfbd2f67efbfbdefbfbdefbfbdefbfbd55efbfbdefbfbd110a47d4a4590163efbfbdefbfbdefbfbdefbfbd50efbfbdefbfbd7f27efbfbd3719efbfbd4fefbfbdefbfbd29efbfbd4befbfbdefbfbd4641efbfbdefbfbdefbfbdefbfbd4403efbfbd70efbfbdefbfbdefbfbd10efbfbd625d09efbfbdefbfbd7a0eefbfbdefbfbd1b01efbfbdefbfbd71efbfbd4a254a6630efbfbd5fefbfbd436fefbfbd39efbfbd68365a7703da9defbfbd0befbfbd37efbfbd5e0defbfbd00efbfbd2803efbfbd6e13efbfbdefbfbdefbfbd600cefbfbd5f464a1cefbfbd7579efbfbdefbfbdefbfbd49efbfbd09efbfbdefbfbdefbfbdefbfbdefbfbdefbfbd4e606f3f5311efbfbd39efbfbdefbfbd5b72efbfbd01efbfbd0303143b7fefbfbd0b1eefbfbd42efbfbdefbfbd4fefbfbdefbfbd0000000049454e44efbfbd4260efbfbd, 132);
INSERT INTO `t_image` (`code`, `nom`, `taille`, `mimetype`, `description`, `img_blob`, `id`) VALUES
('SORTDESCNE', 'stock_sort-descending.png', 326, 'image/png', NULL, 0xefbfbd504e470d0a1a0a0000000d49484452000000100000001008060000001fefbfbdefbfbd610000000774494d4507efbfbd01180e0d114fefbfbd11efbfbd000000097048597300001eefbfbd00001eefbfbd01efbfbd6954530000000467414d410000efbfbdefbfbd0befbfbd6105000000efbfbd4944415478efbfbd63efbfbd0f040cefbfbdefbfbdefbfbdefbfbd48efbfbd04550cc2bd50efbfbd5e6235efbfbd01efbfbd0140efbfbdefbfbd1f027aefbfbd7cefbfbd3145efbfbd41efbfbdefbfbd4018efbfbd27141e2c0414100c4c2662efbfbdefbfbd1803efbfbdefbfbd72093430efbfbdefbfbd01efbfbd4520efbfbdefbfbd63efbfbd05efbfbd660e1defbfbdefbfbd68efbfbd6461d380efbfbd00efbfbd66efbfbd2a7e304632efbfbd3f3106efbfbdefbfbd11efbfbdefbfbdefbfbd62efbfbd02706fefbfbd6aefbfbdefbfbdefbfbd26efbfbdefbfbdefbfbdefbfbdefbfbd1f14efbfbdefbfbd5f11efbfbd02524befbfbd42201a14efbfbdd380381befbfbd0906efbfbd3defbfbd18041279efbfbd051958efbfbd43efbfbdefbfbd2043efbfbdefbfbdefbfbd2c50efbfbd6950efbfbdefbfbdefbfbd34efbfbd1befbfbdefbfbd53efbfbd4befbfbdefbfbd0aefbfbd46efbfbd3740efbfbd26efbfbd19efbfbd050c3017efbfbd39503fefbfbd040020efbfbd261b1f3222efbfbd0000000049454e44efbfbd4260efbfbd, 138),
('STACK', 'stack.gif', 340, 'image/gif', NULL, 0x47494638396110001000efbfbd0000000000efbfbdefbfbdefbfbd434242efbfbdefbfbdefbfbdefbfbdefbfbdefbfbdefbfbdefbfbdefbfbdefbfbdefbfbdefbfbdefbfbdefbfbdefbfbdefbfbdefbfbdefbfbdefbfbdefbfbdefbfbdefbfbdefbfbdefbfbdefbfbdefbfbdefbfbdefbfbdefbfbdefbfbdefbfbdefbfbdc7bfefbfbdefbfbdefbfbdefbfbdefbfbdefbfbdefbfbdefbfbdefbfbdefbfbdefbfbdefbfbdefbfbdefbfbdefbfbdefbfbdefbfbdefbfbdefbfbdefbfbdefbfbdefbfbdefbfbdefbfbdefbfbdefbfbdefbfbdefbfbdefbfbdefbfbdefbfbdefbfbdefbfbdefbfbdefbfbdefbfbdefbfbdefbfbd7d7d7d7a7a7a7575757070706d6d6d6868686565656060605d5d5d5a5a5a5858585555555252525050504a4a4a4848484545454242423d3d3d3a3a3a3838383535353030302b2b2befbfbdefbfbdefbfbd00000000000000000000000000000000000000000000000000000000000000000000000021efbfbd0401000033002c000000001000100000067fefbfbdefbfbd5028281aefbfbdc8a160efbfbd28efbfbd04496471efbfbd7116efbfbd44efbfbd6763efbfbd62630243efbfbd184b5e62efbfbd22efbfbd465366efbfbd40efbfbd42310a18efbfbdefbfbd25efbfbdefbfbd0530151311100e0d0b09070503126d302e2c2a28262422201f1d1c1a6defbfbdefbfbdefbfbd671a32312f2d2b29272523217b7d7fefbfbdefbfbdefbfbdefbfbdefbfbdefbfbdefbfbdefbfbdefbfbdefbfbdefbfbdefbfbdefbfbdefbfbdefbfbdefbfbdefbfbdefbfbdefbfbdefbfbdefbfbdefbfbdefbfbdefbfbdefbfbd41003b, 114),
('STORE', 'store.gif', 319, 'image/gif', NULL, 0x47494638396110001000efbfbd0000000000efbfbdefbfbdefbfbdefbfbdefbfbdefbfbdefbfbdefbfbdefbfbdefbfbdefbfbdefbfbdefbfbdefbfbdefbfbdefbfbdefbfbdefbfbdefbfbdefbfbdefbfbdefbfbdefbfbdefbfbdefbfbdefbfbdefbfbdefbfbdefbfbdefbfbdefbfbdefbfbdefbfbdefbfbdefbfbdefbfbdefbfbdefbfbdefbfbdefbfbdefbfbdefbfbdefbfbdefbfbdefbfbdefbfbdefbfbdefbfbdefbfbdefbfbdefbfbdefbfbdefbfbdefbfbdefbfbdefbfbdefbfbdefbfbdefbfbdefbfbdefbfbdefbfbdefbfbdefbfbdefbfbdefbfbdefbfbdefbfbdefbfbdefbfbdefbfbdefbfbdefbfbdefbfbdefbfbd7979797575756b6b6b6464645a5a5a5959595050504646463737373434341c1c1cefbfbdefbfbdefbfbd00000000000000000000000000000000000000000000000000000000000000000000000000000000000000000000000000000000000000000000000000000000000000000000000000000000000021efbfbd0401000025002c0000000010001000000652efbfbdefbfbd70482c1aefbfbd21d1b148efbfbd40004befbfbd40efbfbdefbfbd48efbfbdefbfbd4263efbfbdefbfbd501cefbfbd6261efbfbdefbfbd7cefbfbdefbfbdefbfbd52efbfbdefbfbd74efbfbdefbfbd68efbfbdefbfbdefbfbd2c48efbfbdefbfbd11efbfbd03efbfbd727f7943efbfbdefbfbd25efbfbd5107151e7f20190946117fefbfbdefbfbd00efbfbdefbfbd4341003b, 120),
('SUPPR', 'suppr.gif', 138, 'image/gif', '', 0x47494638396110001000efbfbd0000000000efbfbdefbfbdefbfbd5b52575a51565f565b5e555a645b60685f643b35393933374842465e585c5c565a5b5559625c603f3a3e413c40403b3fefbfbdefbfbdefbfbdefbfbdefbfbdefbfbd4f4955544e5a58525e5a5460efbfbdefbfbdefbfbdefbfbdefbfbdefbfbd2926312e2b36322f3a33303b36333e3936413835403b38433c39443f3c474c49544f4c57504d58efbfbdefbfbdefbfbdefbfbdefbfbdefbfbd3b3d3c4648474042413e403fefbfbdefbfbdefbfbdefbfbdefbfbdefbfbd343b34353c35383f383a413aefbfbdefbfbdefbfbdefbfbdefbfbdefbfbd2f342e3d423c424741efbfbdefbfbdefbfbdefbfbdefbfbdefbfbdefbfbdefbfbdefbfbdefbfbdefbfbdefbfbdefbfbdefbfbdefbfbdefbfbdefbfbdefbfbdefbfbdc3bdefbfbdefbfbdefbfbdefbfbdefbfbdefbfbdefbfbdefbfbdefbfbd5e605b5d5f5a5b5d58efbfbdefbfbdefbfbdefbfbdefbfbdefbfbd46474243443f4748434d4e49efbfbdefbfbdefbfbd2e2f2732332b33342c393a32383931efbfbdefbfbdefbfbd2f2f2732322a35352d3939314b4b434a4a424e4e464d4d455151494f4f4753534befbfbdefbfbdefbfbdefbfbdefbfbdefbfbdefbfbdefbfbdefbfbdefbfbdefbfbdefbfbd4b4a464a4945484743efbfbdefbfbdefbfbd5c59545b58535a5752615e595f5c575e5b5663605b625f5aefbfbdefbfbdefbfbd434343424242efbfbdefbfbdefbfbd00000000000000000000000000000000000000000000000000000000000000000000000000000000000000000021efbfbd0401000070002c00000000100010000007efbfbdefbfbd70efbfbdefbfbd4644424345efbfbdefbfbdefbfbd43efbfbdefbfbdefbfbd706d6a6b65666c6a686768696a6defbfbd020603050702040c0c0d0e0b0cefbfbd3a3f383c3d3b383a3e3939efbfbd43efbfbdefbfbdefbfbdefbfbdefbfbd1415191718162824272526efbfbd585a5f5b5e595f565e5c57efbfbd4a484b4760496063646261efbfbd616112efbfbdefbfbdefbfbdefbfbd292a2e2b2d2c016eefbfbd6fefbfbd1110130fefbfbd130813090aefbfbd64c4a0efbfbd62060c2036efbfbddca8efbfbd2846efbfbd130f2342efbfbdefbfbdefbfbdefbfbdefbfbd111a4270efbfbd0062efbfbd0711efbfbdefbfbd38efbfbdefbfbdefbfbd49132a53efbfbd48efbfbd322810003b, 10),
('TRUCK', 'truck.gif', 547, 'image/gif', NULL, 0x47494638396110001000efbfbd0000000000efbfbdefbfbdefbfbdefbfbdefbfbdefbfbdefbfbdefbfbdefbfbdefbfbdefbfbdefbfbdefbfbdefbfbdefbfbdefbfbdefbfbdefbfbdefbfbdefbfbdefbfbdefbfbdefbfbdefbfbdefbfbdefbfbdefbfbdefbfbdefbfbdefbfbdefbfbdefbfbdefbfbdefbfbdefbfbdefbfbdefbfbdefbfbdc5beefbfbdefbfbdefbfbdefbfbdefbfbdefbfbdefbfbdefbfbdefbfbdefbfbdefbfbdefbfbdefbfbdefbfbdefbfbdefbfbdefbfbdefbfbdefbfbdefbfbdefbfbdefbfbdefbfbdefbfbdefbfbdefbfbdefbfbdefbfbdefbfbdefbfbdefbfbdefbfbdefbfbdefbfbdefbfbdefbfbdefbfbdefbfbdefbfbdefbfbdefbfbdefbfbdefbfbdefbfbdefbfbdefbfbdefbfbdefbfbdefbfbdefbfbd7f7f7f7e7e7e7777777474746b6b6b6565656262626161615757575252524d4d4d4a4a4a4343433f3f3f3b3b3b3939393434341e1e1e1919191515151313130d0d0defbfbdefbfbdefbfbd00000000000000000000000000000000000000000000000000000000000021efbfbd0401000035002c00000000100010000006efbfbdefbfbdefbfbd70482c1aefbfbdefbfbd4926efbfbdefbfbd4422124953efbfbd1c10efbfbdefbfbd62efbfbd68efbfbdefbfbdefbfbdefbfbd0312efbfbd4c2cefbfbd11efbfbd6452efbfbd3aefbfbdefbfbd5c4e221418efbfbd1aefbfbdefbfbd09414726251c2605712935220b13151718191b1e15270203012b35240d16efbfbd1b1b1f1f1729040c06efbfbd240f6466efbfbdefbfbdefbfbd06062e3531efbfbd3133efbfbdefbfbd32efbfbdefbfbd42302c2a342a2f2d43efbfbdefbfbd43efbfbdefbfbd44efbfbd48efbfbdefbfbdefbfbdefbfbd41003b, 146),
('UNDO', 'undo.png', 707, 'image/gif', NULL, 0x47494638396110001000efbfbd0000000000efbfbdefbfbdefbfbd292a252f302b33342f3c3d3842433e4748436e6f6a787974efbfbdefbfbdefbfbdefbfbdefbfbdefbfbdefbfbdefbfbdefbfbdefbfbdefbfbdefbfbdefbfbdefbfbdefbfbdefbfbdefbfbdefbfbd2d2d2b353533424240efbfbdefbfbdefbfbd33323031302e3534323f3e3c3d3c3a45444244434142413f4a494749484648474547464455545253525052514f51504e4e4d4b4d4c4a5c5b59595856585755575654565553605f5defbfbdefbfbdefbfbdefbfbdefbfbdefbfbdefbfbdefbfbdefbfbdefbfbdefbfbdefbfbdefbfbdefbfbd7fefbfbdefbfbd7eefbfbdefbfbdefbfbdefbfbdefbfbdefbfbdefbfbdefbfbdefbfbdefbfbdefbfbdefbfbdefbfbdefbfbdefbfbdefbfbdefbfbdefbfbdefbfbdefbfbdefbfbdefbfbdefbfbdefbfbdefbfbdefbfbdefbfbdefbfbdefbfbdefbfbdefbfbdefbfbdefbfbd6565655f5f5f5959595757575555555353535252525151514b4b4b4a4a4a4949494747474646464343434242424040403f3f3f3d3d3d3b3b3b383838323232313131303030efbfbdefbfbdefbfbd00000000000000000000000000000000000000000000000000000000000000000000000000000000000000000000000000000000000000000000000000000000000000000000000000000000000000000000000000000000000000000000000000000000000000000000000000000000000000000000000000000000000000000021efbfbd0401000054002c000000001000100000077fefbfbd54efbfbdefbfbdefbfbdefbfbdefbfbdefbfbdefbfbdefbfbdefbfbdefbfbd3d3cefbfbd39342d353237efbfbd473e3b542c26252a262b2e3aefbfbd3f454140291e282a232420290c0eefbfbd44434247271d2221221c232a07080f54494c48451a231c193138efbfbd0d090b544a46464c1c1a1f3036efbfbd0a544f4b4e5118161b2fefbfbd5052534d1517141833efbfbd131210110305020406efbfbdefbfbdefbfbdefbfbdefbfbdefbfbd003b, 24),
('UNSTORE', 'unstore.gif', 361, 'image/gif', NULL, 0x47494638396110001000efbfbd0000000000efbfbdefbfbdefbfbdefbfbdefbfbdefbfbdefbfbdefbfbdefbfbdefbfbdefbfbdefbfbdefbfbdefbfbdefbfbdefbfbdefbfbdefbfbdefbfbdefbfbdefbfbdefbfbdefbfbdefbfbdefbfbdefbfbdefbfbdefbfbdefbfbdefbfbdefbfbdefbfbdefbfbdefbfbdefbfbdefbfbdefbfbdefbfbdefbfbdefbfbdefbfbdefbfbdefbfbdefbfbdefbfbdefbfbdefbfbdefbfbdefbfbdefbfbdefbfbdefbfbdefbfbdefbfbdefbfbdefbfbdefbfbdefbfbdefbfbdefbfbdefbfbdefbfbdefbfbdefbfbdefbfbdefbfbdefbfbdefbfbdefbfbdefbfbdefbfbdefbfbdefbfbdefbfbdefbfbdefbfbdefbfbdefbfbd7f7f7f7979797575757171716b6b6b6464646262625959595353534646463737373434341c1c1cefbfbdefbfbdefbfbd00000000000000000000000000000000000000000000000000000000000000000000000000000000000000000000000000000000000000000000000000000000000000000021efbfbd0401000028002c000000001000100000066040efbfbd70482c164b24efbfbd1205efbfbd680a4b2260efbfbdefbfbd30085126efbfbdefbfbdefbfbd741eefbfbdefbfbd69efbfbd116914efbfbdefbfbd71efbfbd05691cefbfbdefbfbd61efbfbd1404594024efbfbd1d02004423231e4a7fefbfbd210befbfbdefbfbd280c281b08efbfbd46efbfbdefbfbd4323efbfbd4221162816efbfbd527fefbfbd06172317067d4b41003b, 121),
('UNSUPPR', 'unsuppr.gif', 133, 'image/gif', '', 0x47494638396110001000efbfbd0000000000efbfbdefbfbdefbfbd5b52575a51565e555a645b60685f643b35393933374842463f3a3e413c40403b3fefbfbdefbfbdefbfbd4f4955544e5a5a5460efbfbdefbfbdefbfbd2926312e2b36322f3a33303b36333e3936413835403b38433c39443f3c47efbfbdefbfbdefbfbdefbfbdefbfbdefbfbd3b3d3c4648474042413e403f343b34353c35383f383a413aefbfbdefbfbdefbfbdefbfbdefbfbdefbfbd2f342e3d423c424741efbfbdefbfbdefbfbdefbfbdefbfbdefbfbdefbfbdefbfbdefbfbd5d5f5aefbfbdefbfbdefbfbd46474243443f4d4e492e2f2732332b33342c393a32383931efbfbdefbfbdefbfbd2f2f2732322a35352d3939314e4e465151494f4f47efbfbdefbfbdefbfbd4b4a465c59545b58535e5b5663605befbfbdefbfbdefbfbd434343424242efbfbdefbfbdefbfbd00000000000000000000000000000000000000000000000000000000000000000000000000000000000000000000000000000000000000000000000000000000000000000000000000000000000000000000000000000000000000000000000000000000000000000000000000000000000000000000000000000000000000000000000000000000000000000000000000000000000000000000000000000000000021efbfbd0401000049002c00000000100010000007efbfbdefbfbd49efbfbdefbfbd2f491eefbfbdefbfbdefbfbdefbfbdefbfbd2eefbfbd01efbfbdefbfbd011e494644454243efbfbd2d2725efbfbd2a2befbfbd0205030406efbfbd27efbfbdefbfbdefbfbdefbfbdefbfbd1e012c23efbfbd25efbfbd492eefbfbdefbfbd1e0defbfbd2befbfbdefbfbd490e0f1110efbfbd262b25efbfbd27efbfbd3d3e493fefbfbd1d2befbfbdd2be32314930efbfbdefbfbdefbfbdefbfbd414149deacefbfbd1e1f492049214947efbfbd48efbfbd0c0b490aefbfbd4907490809efbfbd25244922492349294954efbfbd6045efbfbd0407efbfbd080fefbfbd5b54efbfbdefbfbd060919285cefbfbd30efbfbd0656386adc9861efbfbdefbfbd0e1d3c7200191408003b, 11),
('USER', 'user.gif', 786, 'image/gif', NULL, 0x47494638396110001000efbfbd0000000000efbfbdefbfbdefbfbd3b35393c363a3f393d3e383c403a3e453f43433d414640444d474b534d515a54585852565f595d5e585c5c565a635d61efbfbdefbfbdefbfbdefbfbdefbfbdefbfbdefbfbdefbfbdefbfbdefbfbdefbfbdefbfbd2e2b362f2c37302d3835323d37343f3835403c39443d3a45423f4a4c49544f4c5757545f5c59646c6974efbfbd7fefbfbdefbfbdefbfbdefbfbdefbfbdefbfbdefbfbdefbfbdefbfbdefbfbdefbfbdefbfbdefbfbd343933383d37373c363d423c3b403a3f443e494e4850554f555a545358525257515a5f59595e5870756fefbfbdefbfbdefbfbdefbfbdefbfbdefbfbdefbfbdefbfbdefbfbdefbfbdefbfbdefbfbd71736e6d6f6aefbfbdefbfbdefbfbdefbfbdefbfbdefbfbdefbfbdefbfbdefbfbdefbfbdefbfbdefbfbd2e2e2630302835352d37372f3a3a3241413949494150504856564e6d6d65efbfbdefbfbdefbfbdefbfbdefbfbdefbfbdefbfbdefbfbdefbfbdefbfbdefbfbdefbfbdefbfbdefbfbdefbfbdefbfbdc5bdefbfbdefbfbdefbfbdefbfbdefbfbdefbfbdefbfbdefbfbdefbfbdefbfbdefbfbdefbfbd4645414847434f4e4a4d4c485655517d7c78efbfbdefbfbdefbfbdefbfbdefbfbdefbfbdefbfbdefbfbdefbfbd5c59545a57525f5c5765625d64615c625f5aefbfbdefbfbdefbfbdefbfbdefbfbdcc96efbfbdefbfbdefbfbdefbfbdefbfbd4646464545454141414040403f3f3f3c3c3c393939efbfbdefbfbdefbfbd00000000000000000000000000000000000000000000000000000000000000000000000000000000000000000000000021efbfbd040100006f002c00000000100010000007efbfbdefbfbd6fefbfbdefbfbd403d3c3b3e3fefbfbdefbfbdefbfbd643d5fefbfbd5f3eefbfbdefbfbd64635f625e606165efbfbdefbfbd120d0e0c110f1013efbfbd6f393230342f33313aefbfbd3a34efbfbd30efbfbdefbfbdefbfbd282420211f1f25efbfbdefbfbd4f4947484a50efbfbd5d5a5758555655595b5cefbfbd5cefbfbd576d6d6a6a5757d28b676e6b696d6c6a6b686b6a66efbfbd1409060b0603070408020a040515efbfbd372d2d362d2b54efbfbd48e1a2860b163804efbfbdefbfbd67c285c3872658201424efbfbd420713163470efbfbdefbfbd61efbfbd090f174608efbfbdefbfbdefbfbdefbfbd142341efbfbd0c115244ca922654efbfbd0402003b, 117),
('VIEW', 'view.gif', 147, 'image/gif', '', 0x47494638396110001000efbfbd0001000000efbfbdefbfbdefbfbdefbfbdefbfbdefbfbd525252efbfbdefbfbdefbfbd343534757375efbfbdefbfbdefbfbd21efbfbd0401000000002c000000001000100002035808efbfbdefbfbd2b304ac8821925efbfbd31efbfbd67efbfbdefbfbd75efbfbd006aefbfbd501cefbfbd6130efbfbdefbfbd116defbfbd10efbfbdd8b1efbfbdefbfbdefbfbdefbfbdefbfbdefbfbd23efbfbd0970efbfbd00efbfbdefbfbdefbfbdefbfbd3c16efbfbdefbfbd0118efbfbd0c4d40efbfbdefbfbd62efbfbd04efbfbdefbfbdefbfbdefbfbd7aefbfbd612145013d2fefbfbd003275efbfbdefbfbdefbfbd1d09003b, 5),
('WAIT', 'stock_new-appointment.png', 779, 'image/png', NULL, 0xefbfbd504e470d0a1a0a0000000d49484452000000100000001008060000001fefbfbdefbfbd6100000006624b474400efbfbd00efbfbd00efbfbdefbfbdefbfbdefbfbdefbfbd000000097048597300000b1200000b1201efbfbdefbfbd7eefbfbd0000000774494d4507efbfbd090c14020aefbfbd74efbfbdefbfbd0000001d74455874436f6d6d656e7400437265617465642077697468205468652047494d50efbfbd64256e0000026f4944415478da8defbfbd4d48545114efbfbd7fefbfbdefbfbd7237efbfbdefbfbdefbfbd70efbfbdefbfbd4237111224efbfbd2122efbfbdd3a6efbfbd4c040a520b0defbfbdd9b8524aefbfbd42efbfbdefbfbd532857efbfbdefbfbd6216efbfbd64efbfbd104c22efbfbd295befbfbd07efbfbd60efbfbd3343efbfbd3cefbfbd717aefbfbdefbfbd7defbfbd10efbfbdefbfbd033cefbfbdefbfbdefbfbd7eefbfbdefbfbddfb907efbfbdefbfbd3620efbfbdefbfbd1defbfbd28715defbfbdefbfbd38efbfbd23efbfbdefbfbdefbfbd3233337308efbfbd09efbfbd6432efbfbd667676560aefbfbdefbfbdefbfbd42efbfbd43efbfbd5defbfbd38efbfbdefbfbdefbfbd15efbfbdd78befbfbdefbfbdefbfbdefbfbdefbfbdefbfbdefbfbdefbfbd4e341a05606b6befbfbdefbfbdefbfbd7eefbfbdefbfbdefbfbd68686800787f08efbfbd02efbfbdefbfbdefbfbdefbfbdefbfbdefbfbdefbfbdefbfbdefbfbdefbfbd0a5fefbfbd6eefbfbdefbfbdefbfbdefbfbd073756191a1a221008505959efbfbdefbfbdefbfbdefbfbdefbfbdefbfbd595a5a2aefbfbd7874787858efbfbdd9acd8b62defbfbdddacefbfbd5fefbfbdefbfbdefbfbdefbfbdefbfbdefbfbd7c7d2e6b1f03efbfbdefbfbdefbfbd2b7eefbfbd5f2cefbfbd12cbb2646e6e4e00efbfbd01efbfbdefbfbdefbfbdefbfbdefbfbdefbfbdefbfbd04efbfbd34efbfbd340defbfbd304967144eefbfbd07efbfbdefbfbd272aefbfbdefbfbdefbfbd7a4befbfbd4aefbfbdefbfbd46efbfbdefbfbdefbfbdefbfbdefbfbd00efbfbd030f5fefbfbd7aefbfbdefbfbdefbfbd18efbfbdefbfbd69efbfbdefbfbdefbfbdefbfbdefbfbd12efbfbdefbfbdefbfbdefbfbd545fefbfbdc4b37befbfbd4c4c4c202245efbfbdefbfbdefbfbdefbfbd2a3434745d3fefbfbd42efbfbd49efbfbdefbfbd291eefbfbd7e16efbfbdefbfbdefbfbd794404efbfbd75efbfbd00efbfbd75dda027d083efbfbd2e4a295cefbfbd655f41efbfbdefbfbdefbfbd7fefbfbdc28b0058efbfbd55efbfbd04efbfbdefbfbd563a2defbfbd5c4e6cdb967c3e2fefbfbd6d4b381cefbfbdefbfbdefbfbd5a191f1fefbfbdefbfbdefbfbdefbfbdefbfbdefbfbdefbfbd4cefbfbdefbfbdefbfbdefbfbdefbfbd3249efbfbd5212efbfbdc58e24efbfbdefbfbd5c5defbfbd71144a392875703635353132324230184403efbfbdefbfbd245349efbfbdefbfbdefbfbd4e481c1f1818201eefbfbd40390aefbfbd14efbfbd2aefbfbd380e35efbfbd35efbfbd4241efbfbdefbfbdefbfbd4926efbfbdefbfbdefbfbd61efbfbd7eefbfbd09efbfbd1fefbfbdefbfbdefbfbdefbfbd22efbfbd081befbfbd0defbfbd52efbfbdefbfbdefbfbdefbfbd20664909efbfbdefbfbd02efbfbd1616efbfbd4422545454efbfbdefbfbdefbfbd582451efbfbdefbfbd273e6d6e6eefbfbdefbfbdefbfbdefbfbdefbfbd626929efbfbdefbfbd51701c12efbfbdefbfbdefbfbd623172efbfbd1c6d6d6defbfbdefbfbdefbfbd03efbfbd4824efbfbdefbfbdefbfbd583cefbfbd0aefbfbdcfb9ce87efbfbdefbfbd17efbfbd30efbfbd1512efbfbd40efbfbd0000000049454e44efbfbd4260efbfbd, 147),
('WEEK', 'week.gif', 612, 'image/gif', NULL, 0x47494638396110001000efbfbd00007a7979efbfbdefbfbde5adadefbfbdefbfbdefbfbdefbfbdefbfbdefbfbdefbfbdefbfbdefbfbdefbfbd404040efbfbdefbfbdefbfbdefbfbdefbfbdefbfbd696969efbfbdefbfbdefbfbdefbfbdefbfbdefbfbdefbfbdefbfbdc6beefbfbdefbfbd4a4a4aefbfbdefbfbdefbfbdefbfbdefbfbdefbfbdefbfbdefbfbdefbfbdefbfbdefbfbdefbfbdefbfbdefbfbdefbfbdefbfbdefbfbdefbfbd5f5f5fefbfbdefbfbde79898efbfbdefbfbdefbfbdefbfbd747474efbfbdefbfbdefbfbdefbfbdefbfbdefbfbdefbfbdefbfbdefbfbdefbfbdefbfbdefbfbdefbfbdefbfbdefbfbdefbfbdefbfbdee8484efbfbdefbfbdefbfbdef8787efbfbdefbfbdefbfbdefbfbdefbfbdefbfbdefbfbdefbfbdefbfbdefbfbdefbfbdefbfbde69696efbfbdefbfbdefbfbdefbfbdefbfbdefbfbdcd83efbfbdefbfbdefbfbdefbfbdefbfbdefbfbdefbfbdefbfbdefbfbdefbfbdefbfbdefbfbdefbfbdefbfbdefbfbdefbfbdefbfbdefbfbdefbfbdefbfbdefbfbdefbfbdefbfbdefbfbdefbfbdefbfbdefbfbdefbfbdefbfbdefbfbdefbfbdefbfbdefbfbdefbfbdefbfbdefbfbdefbfbdefbfbd7f7f7fefbfbdefbfbdefbfbdefbfbdefbfbdefbfbdefbfbdefbfbdefbfbdefbfbdefbfbdf0b0b0b0efbfbdefbfbdefbfbdefbfbdefbfbdefbfbd555555efbfbdefbfbdefbfbdefbfbdefbfbdefbfbdefbfbdefbfbdefbfbdefbfbdefbfbdec9595efbfbdefbfbdefbfbdefbfbdefbfbdefbfbdefbfbd00000000000000000000000000000000000000000000000000000000000000000000000000000000000000000000000000000000000000000000000000000000000000000000000000000000000000000000000000000000000000000000000000000000000000000000000000000000000000000000000000000000000000000000000000000000000000000000000000000000000000000000000000000000000000000000000000000021efbfbd0400000000002c00000000100010000007efbfbdefbfbd00efbfbdefbfbdefbfbdefbfbdefbfbd02efbfbdefbfbdefbfbdefbfbd17efbfbd232304efbfbdefbfbdefbfbdefbfbd00143107efbfbd073d0defbfbd0d2b4641efbfbd03131308080b01012616efbfbd213eefbfbd130c0911010518010709280f14efbfbd0801062e11063fefbfbd09451fefbfbd0003efbfbd09051b1506efbfbd1d0f0f29efbfbdefbfbd18151918190506070a1035efbfbd010c060e361b0e0e01120308efbfbd010e1501efbfbd19011fefbfbd2628432c70efbfbdefbfbdefbfbdefbfbd410e182f16efbfbd1a50efbfbd0404083b1e28efbfbdefbfbdefbfbdefbfbd4200376670efbfbd20440508103474efbfbd1051efbfbdefbfbd200f1e3a002172e2848c0b244868efbfbdefbfbdc2904d42efbfbd00003b, 149),
('WORKAROUND', 'workaround.png', 235, 'image/png', NULL, 0xefbfbd504e470d0a1a0a0000000d494844520000000d0000000d0804000000efbfbdefbfbd2cefbfbd000000097048597300000b1300000b130100efbfbdefbfbd180000000467414d410000efbfbdefbfbd7cefbfbd51efbfbd000000206348524d00007a250000efbfbdefbfbd0000efbfbdefbfbd0000efbfbdefbfbd000075300000efbfbd6000003aefbfbd0000176fefbfbd5fefbfbd46000000614944415478efbfbd74efbfbdefbfbd01efbfbd20080373efbfbd63efbfbd1f44efbfbd491f68efbfbdefbfbdefbfbdefbfbdefbfbd0139efbfbd4e55efbfbdefbfbdefbfbd03efbfbdefbfbd081eefbfbd0defbfbd1a59efbfbdefbfbd48650129efbfbdefbfbd2ed2baefbfbdefbfbd795356efbfbd3762efbfbdefbfbdefbfbd143aefbfbd61efbfbd45efbfbd73efbfbdefbfbd46efbfbd52efbfbd0cefbfbd68303c7fefbfbdefbfbd0669efbfbd5befbfbd000968233e60efbfbd3eefbfbd0000000049454e44efbfbd4260efbfbd, 148),
('YES', 'yes.png', 292, 'image/png', NULL, 0xefbfbd504e470d0a1a0a0000000d49484452000000100000001008060000001fefbfbdefbfbd610000000774494d4507efbfbd011c0a222f14efbfbd0befbfbd000000097048597300000b1300000b130100efbfbdefbfbd180000000467414d410000efbfbdefbfbd0befbfbd6105000000efbfbd4944415478efbfbd636018efbfbdefbfbd0532efbfbdefbfbd54efbfbdefbfbd7defbfbd28efbfbd30efbfbdefbfbd190c5e16efbfbd075112efbfbd2e7841efbfbdefbfbd04742f6038efbfbdefbfbdefbfbd73efbfbd06efbfbd14efbfbd443304efbfbdefbfbd57efbfbd06244025d9910defbfbdefbfbdefbfbdefbfbdefbfbdefbfbdefbfbdefbfbd63efbfbd1cefbfbd210c50efbfbd7fefbfbd35efbfbdefbfbd15790fefbfbdcc8cefbfbd3fefbfbd5810036223205e00efbfbdefbfbd1befbfbd59efbfbd6c1600d29fefbfbdefbfbd232323efbfbd37062c0064efbfbd07efbfbdefbfbdefbfbd707808efbfbd01351b03efbfbd1a104b023117efbfbdefbfbdefbfbd1b02efbfbdefbfbd40efbfbdefbfbd0c60efbfbd62efbfbd2b58efbfbd20efbfbd361aefbfbdefbfbd40041023461100efbfbdefbfbd68426641efbfbd320000000049454e44efbfbd4260efbfbd, 142),
('YESALT', 'altyes.png', 292, 'image/png', NULL, 0xefbfbd504e470d0a1a0a0000000d49484452000000100000001008060000001fefbfbdefbfbd610000000774494d4507efbfbd011c0a230b31efbfbdefbfbd4a000000097048597300000b1300000b130100efbfbdefbfbd180000000467414d410000efbfbdefbfbd0befbfbd6105000000efbfbd4944415478efbfbd636018efbfbdefbfbd0532efbfbdefbfbd54cdafefbfbdefbfbd500c6124433318efbfbdddbb05efbfbd24efbfbd5defbfbdefbfbd04efbfbd09efbfbd5eefbfbd701e01efbfbdefbfbd0defbfbd29efbfbdefbfbd66083ecdafefbfbd0d48efbfbd4aefbfbd231befbfbd4befbfbdefbfbdefbfbdefbfbdefbfbdefbfbdefbfbdefbfbd39344318efbfbdefbfbdefbfbd226befbfbd5cefbfbdefbfbd1eefbfbdefbfbd19efbfbd7fc8b12006efbfbd4640efbfbd00efbfbdefbfbd3710efbfbdefbfbdefbfbd2c00efbfbd3f03efbfbd474646efbfbd6f0c5800efbfbd100fefbfbdefbfbd41efbfbdefbfbd10efbfbd17036a3606623520efbfbd04622e7cefbfbd0d37044a6befbfbd047119efbfbdefbfbdc58057efbfbd30410e6d34efbfbdefbfbdefbfbd082046efbfbd220037316b39efbfbdefbfbd5d5f0000000049454e44efbfbd4260efbfbd, 144);

-- --------------------------------------------------------

--
-- Structure de la table `t_interface`
--

DROP TABLE IF EXISTS `t_interface`;
CREATE TABLE IF NOT EXISTS `t_interface` (
  `id` int(11) NOT NULL AUTO_INCREMENT,
  `fk_user` int(11) NOT NULL,
  `div_interface` varchar(100) CHARACTER SET utf8 NOT NULL,
  `offset_x` int(11) NOT NULL,
  `offset_y` int(11) NOT NULL,
  `background` varchar(255) CHARACTER SET utf8 NOT NULL,
  PRIMARY KEY (`id`)
) ENGINE=MyISAM AUTO_INCREMENT=6 DEFAULT CHARSET=utf8mb4;

-- --------------------------------------------------------

--
-- Structure de la table `t_lang`
--

DROP TABLE IF EXISTS `t_lang`;
CREATE TABLE IF NOT EXISTS `t_lang` (
  `id` int(11) NOT NULL AUTO_INCREMENT,
  `lang` varchar(50) CHARACTER SET utf8 NOT NULL,
  `flag` varchar(50) CHARACTER SET utf8 NOT NULL,
  PRIMARY KEY (`id`),
  UNIQUE KEY `id` (`id`)
) ENGINE=MyISAM AUTO_INCREMENT=4 DEFAULT CHARSET=utf8mb4;

--
-- Déchargement des données de la table `t_lang`
--

INSERT INTO `t_lang` (`id`, `lang`, `flag`) VALUES
(1, 'Français', 'fr.png'),
(2, 'English', 'uk.png');

-- --------------------------------------------------------

--
-- Structure de la table `t_menu`
--

DROP TABLE IF EXISTS `t_menu`;
CREATE TABLE IF NOT EXISTS `t_menu` (
  `id` int(11) NOT NULL AUTO_INCREMENT,
  `fk_menu` int(11) NOT NULL DEFAULT 0,
  `is_active_on` tinyint(1) NOT NULL DEFAULT 0,
  `order_menu` int(11) NOT NULL DEFAULT 0,
  PRIMARY KEY (`id`)
) ENGINE=MyISAM AUTO_INCREMENT=9 DEFAULT CHARSET=utf8mb4;

--
-- Déchargement des données de la table `t_menu`
--

INSERT INTO `t_menu` (`id`, `fk_menu`, `is_active_on`, `order_menu`) VALUES
(1, 0, 0, 1),
(2, 0, 0, 1),
(3, 0, 0, 1),
(4, 0, 1, 2),
(5, 1, 1, 2),
(8, 1, 1, 1);

-- --------------------------------------------------------

--
-- Structure de la table `t_menu_lang`
--

DROP TABLE IF EXISTS `t_menu_lang`;
CREATE TABLE IF NOT EXISTS `t_menu_lang` (
  `id` int(11) NOT NULL AUTO_INCREMENT,
  `fk_menu` int(11) NOT NULL,
  `label` varchar(255) NOT NULL,
  `fk_lang` int(11) NOT NULL,
  PRIMARY KEY (`id`)
) ENGINE=MyISAM AUTO_INCREMENT=17 DEFAULT CHARSET=utf8mb4;

--
-- Déchargement des données de la table `t_menu_lang`
--

INSERT INTO `t_menu_lang` (`id`, `fk_menu`, `label`, `fk_lang`) VALUES
(1, 1, 'accueil', 1),
(2, 1, 'Home', 2),
(3, 2, 'Galerie', 1),
(4, 2, 'Gallery', 2),
(5, 3, 'contact', 1),
(6, 3, 'contact', 2),
(7, 4, 'blog', 1),
(8, 4, 'blog', 2),
(9, 5, 'test2', 1),
(10, 5, 'test two', 2),
(16, 8, 'fdszf', 2),
(15, 8, 'fdfs', 1);

-- --------------------------------------------------------

--
-- Structure de la table `t_parametre`
--

DROP TABLE IF EXISTS `t_parametre`;
CREATE TABLE IF NOT EXISTS `t_parametre` (
  `id` int(11) NOT NULL AUTO_INCREMENT,
  `code` varchar(100) NOT NULL,
  `value` text NOT NULL,
  PRIMARY KEY (`id`)
) ENGINE=MyISAM AUTO_INCREMENT=21 DEFAULT CHARSET=utf8;

--
-- Déchargement des données de la table `t_parametre`
--

INSERT INTO `t_parametre` (`id`, `code`, `value`) VALUES
(1, 'nom_site', 'Plateforme e-Learning IFR'),
(2, 'tel_contact', ''),
(3, 'adresse_1', ''),
(4, 'adresse_2', ''),
(5, 'ligne_gps', ''),
(6, 'credit', ''),
(7, 'twitter', ''),
(8, 'facebook', ''),
(9, 'email_contact', ''),
(10, 'meta_description', ''),
(11, 'meta_keyword', ''),
(12, 'video_home', ''),
(13, 'accroche_accueil', ''),
(14, 'ligne_web_gps', ''),
(19, 'instagram', ''),
(20, 'cgu', '');

-- --------------------------------------------------------

--
-- Structure de la table `t_user`
--

DROP TABLE IF EXISTS `t_user`;
CREATE TABLE IF NOT EXISTS `t_user` (
  `id` int(11) NOT NULL AUTO_INCREMENT,
  `fk_lang` int(11) NOT NULL,
  `prenom` varchar(50) CHARACTER SET utf8 NOT NULL,
  `nom` varchar(50) CHARACTER SET utf8 NOT NULL,
  `login` varchar(50) CHARACTER SET utf8 NOT NULL,
  `password` varchar(80) CHARACTER SET utf8 NOT NULL,
  `desactiveON` tinyint(4) NOT NULL DEFAULT 0,
  `isAdministrateurON` tinyint(4) NOT NULL DEFAULT 0,
  `adresse_1` varchar(255) CHARACTER SET utf8 NOT NULL,
  `adresse_2` varchar(255) CHARACTER SET utf8 NOT NULL,
  `cp` varchar(10) CHARACTER SET utf8 NOT NULL,
  `ville` varchar(255) CHARACTER SET utf8 NOT NULL,
  `fk_pays` int(11) NOT NULL,
  `date_naissance` bigint(20) NOT NULL,
  `tel` varchar(20) CHARACTER SET utf8 DEFAULT NULL,
  PRIMARY KEY (`id`),
  UNIQUE KEY `id` (`id`)
) ENGINE=MyISAM AUTO_INCREMENT=5 DEFAULT CHARSET=utf8mb4;

--
-- Déchargement des données de la table `t_user`
--

INSERT INTO `t_user` (`id`, `fk_lang`, `prenom`, `nom`, `login`, `password`, `desactiveON`, `isAdministrateurON`, `adresse_1`, `adresse_2`, `cp`, `ville`, `fk_pays`, `date_naissance`, `tel`) VALUES
(1, 1, 'Administrateur', 'IFR', 'admin', '21232f297a57a5a743894a0e4a801fc3', 0, 1, '', '', '', '', 1, 0, NULL);
COMMIT;

/*!40101 SET CHARACTER_SET_CLIENT=@OLD_CHARACTER_SET_CLIENT */;
/*!40101 SET CHARACTER_SET_RESULTS=@OLD_CHARACTER_SET_RESULTS */;
/*!40101 SET COLLATION_CONNECTION=@OLD_COLLATION_CONNECTION */;
